sku,region_code,month_start,quantity_on_hand,outbound_qty,turnover_ratio
SKU-1001,APAC-SE,2023-01-01,524,206,0.393
SKU-1001,APAC-SE,2023-02-01,491,136,0.277
SKU-1001,APAC-SE,2023-03-01,461,224,0.486
SKU-1001,APAC-SE,2023-04-01,504,103,0.204
SKU-1001,APAC-SE,2023-05-01,389,232,0.596
SKU-1001,APAC-SE,2023-06-01,500,82,0.164
SKU-1001,APAC-SE,2023-07-01,461,134,0.291
SKU-1001,APAC-SE,2023-08-01,462,236,0.511
SKU-1001,APAC-SE,2023-09-01,563,85,0.151
SKU-1001,APAC-SE,2023-10-01,483,181,0.375
SKU-1001,APAC-SE,2023-11-01,332,244,0.735
SKU-1001,APAC-SE,2023-12-01,402,180,0.448
SKU-1001,APAC-SE,2024-01-01,432,168,0.389
SKU-1001,APAC-SE,2024-02-01,327,191,0.584
SKU-1001,APAC-SE,2024-03-01,419,122,0.291
SKU-1001,APAC-SE,2024-04-01,400,191,0.478
SKU-1001,APAC-SE,2024-05-01,359,158,0.44
SKU-1001,APAC-SE,2024-06-01,335,222,0.663
SKU-1001,APAC-SE,2024-07-01,216,204,0.944
SKU-1001,APAC-SE,2024-08-01,334,138,0.413
SKU-1001,APAC-SE,2024-09-01,308,155,0.503
SKU-1001,APAC-SE,2024-10-01,343,204,0.595
SKU-1001,APAC-SE,2024-11-01,364,165,0.453
SKU-1001,APAC-SE,2024-12-01,188,258,1.372
SKU-1001,APAC-SE,2025-01-01,242,109,0.45
SKU-1001,APAC-SE,2025-02-01,411,75,0.182
SKU-1001,APAC-SE,2025-03-01,415,99,0.239
SKU-1001,APAC-SE,2025-04-01,420,124,0.295
SKU-1001,APAC-SE,2025-05-01,428,175,0.409
SKU-1001,APAC-SE,2025-06-01,402,108,0.269
SKU-1001,APAC-SE,2025-07-01,336,227,0.676
SKU-1001,APAC-SE,2025-08-01,287,218,0.76
SKU-1001,APAC-SE,2025-09-01,291,144,0.495
SKU-1001,APAC-SE,2025-10-01,346,112,0.324
SKU-1001,APAC-SE,2025-11-01,237,282,1.19
SKU-1001,APAC-SE,2025-12-01,301,184,0.611
SKU-1001,EU-CENTRAL,2023-01-01,715,181,0.253
SKU-1001,EU-CENTRAL,2023-02-01,668,149,0.223
SKU-1001,EU-CENTRAL,2023-03-01,666,129,0.194
SKU-1001,EU-CENTRAL,2023-04-01,802,87,0.108
SKU-1001,EU-CENTRAL,2023-05-01,800,164,0.205
SKU-1001,EU-CENTRAL,2023-06-01,805,204,0.253
SKU-1001,EU-CENTRAL,2023-07-01,806,133,0.165
SKU-1001,EU-CENTRAL,2023-08-01,810,181,0.223
SKU-1001,EU-CENTRAL,2023-09-01,882,81,0.092
SKU-1001,EU-CENTRAL,2023-10-01,871,195,0.224
SKU-1001,EU-CENTRAL,2023-11-01,810,256,0.316
SKU-1001,EU-CENTRAL,2023-12-01,830,162,0.195
SKU-1001,EU-CENTRAL,2024-01-01,881,154,0.175
SKU-1001,EU-CENTRAL,2024-02-01,932,95,0.102
SKU-1001,EU-CENTRAL,2024-03-01,841,210,0.25
SKU-1001,EU-CENTRAL,2024-04-01,865,182,0.21
SKU-1001,EU-CENTRAL,2024-05-01,1007,100,0.099
SKU-1001,EU-CENTRAL,2024-06-01,1041,79,0.076
SKU-1001,EU-CENTRAL,2024-07-01,1051,74,0.07
SKU-1001,EU-CENTRAL,2024-08-01,1162,112,0.096
SKU-1001,EU-CENTRAL,2024-09-01,1195,126,0.105
SKU-1001,EU-CENTRAL,2024-10-01,1257,110,0.088
SKU-1001,EU-CENTRAL,2024-11-01,1230,202,0.164
SKU-1001,EU-CENTRAL,2024-12-01,1119,254,0.227
SKU-1001,EU-CENTRAL,2025-01-01,1169,127,0.109
SKU-1001,EU-CENTRAL,2025-02-01,1304,79,0.061
SKU-1001,EU-CENTRAL,2025-03-01,1395,144,0.103
SKU-1001,EU-CENTRAL,2025-04-01,1284,199,0.155
SKU-1001,EU-CENTRAL,2025-05-01,1194,215,0.18
SKU-1001,EU-CENTRAL,2025-06-01,1202,107,0.089
SKU-1001,EU-CENTRAL,2025-07-01,1101,233,0.212
SKU-1001,EU-CENTRAL,2025-08-01,969,234,0.241
SKU-1001,EU-CENTRAL,2025-09-01,1018,156,0.153
SKU-1001,EU-CENTRAL,2025-10-01,1070,114,0.107
SKU-1001,EU-CENTRAL,2025-11-01,1077,230,0.214
SKU-1001,EU-CENTRAL,2025-12-01,1184,101,0.085
SKU-1001,LATAM,2023-01-01,785,180,0.229
SKU-1001,LATAM,2023-02-01,797,171,0.215
SKU-1001,LATAM,2023-03-01,832,218,0.262
SKU-1001,LATAM,2023-04-01,908,85,0.094
SKU-1001,LATAM,2023-05-01,1051,82,0.078
SKU-1001,LATAM,2023-06-01,1079,164,0.152
SKU-1001,LATAM,2023-07-01,960,214,0.223
SKU-1001,LATAM,2023-08-01,968,185,0.191
SKU-1001,LATAM,2023-09-01,961,222,0.231
SKU-1001,LATAM,2023-10-01,1103,117,0.106
SKU-1001,LATAM,2023-11-01,1084,113,0.104
SKU-1001,LATAM,2023-12-01,982,228,0.232
SKU-1001,LATAM,2024-01-01,938,136,0.145
SKU-1001,LATAM,2024-02-01,977,144,0.147
SKU-1001,LATAM,2024-03-01,948,131,0.138
SKU-1001,LATAM,2024-04-01,934,221,0.237
SKU-1001,LATAM,2024-05-01,918,122,0.133
SKU-1001,LATAM,2024-06-01,1011,77,0.076
SKU-1001,LATAM,2024-07-01,938,235,0.251
SKU-1001,LATAM,2024-08-01,957,139,0.145
SKU-1001,LATAM,2024-09-01,909,193,0.212
SKU-1001,LATAM,2024-10-01,853,210,0.246
SKU-1001,LATAM,2024-11-01,842,93,0.11
SKU-1001,LATAM,2024-12-01,857,102,0.119
SKU-1001,LATAM,2025-01-01,881,185,0.21
SKU-1001,LATAM,2025-02-01,905,220,0.243
SKU-1001,LATAM,2025-03-01,890,176,0.198
SKU-1001,LATAM,2025-04-01,858,155,0.181
SKU-1001,LATAM,2025-05-01,957,110,0.115
SKU-1001,LATAM,2025-06-01,957,166,0.173
SKU-1001,LATAM,2025-07-01,918,185,0.202
SKU-1001,LATAM,2025-08-01,954,118,0.124
SKU-1001,LATAM,2025-09-01,896,140,0.156
SKU-1001,LATAM,2025-10-01,901,232,0.257
SKU-1001,LATAM,2025-11-01,830,237,0.286
SKU-1001,LATAM,2025-12-01,831,94,0.113
SKU-1001,NA-EAST,2023-01-01,1002,78,0.078
SKU-1001,NA-EAST,2023-02-01,959,226,0.236
SKU-1001,NA-EAST,2023-03-01,923,197,0.213
SKU-1001,NA-EAST,2023-04-01,971,168,0.173
SKU-1001,NA-EAST,2023-05-01,894,201,0.225
SKU-1001,NA-EAST,2023-06-01,994,70,0.07
SKU-1001,NA-EAST,2023-07-01,1098,121,0.11
SKU-1001,NA-EAST,2023-08-01,1081,100,0.093
SKU-1001,NA-EAST,2023-09-01,1055,164,0.155
SKU-1001,NA-EAST,2023-10-01,1062,170,0.16
SKU-1001,NA-EAST,2023-11-01,1009,231,0.229
SKU-1001,NA-EAST,2023-12-01,1049,141,0.134
SKU-1001,NA-EAST,2024-01-01,1005,152,0.151
SKU-1001,NA-EAST,2024-02-01,897,201,0.224
SKU-1001,NA-EAST,2024-03-01,817,206,0.252
SKU-1001,NA-EAST,2024-04-01,807,239,0.296
SKU-1001,NA-EAST,2024-05-01,823,173,0.21
SKU-1001,NA-EAST,2024-06-01,942,83,0.088
SKU-1001,NA-EAST,2024-07-01,839,186,0.222
SKU-1001,NA-EAST,2024-08-01,924,112,0.121
SKU-1001,NA-EAST,2024-09-01,859,162,0.189
SKU-1001,NA-EAST,2024-10-01,890,113,0.127
SKU-1001,NA-EAST,2024-11-01,913,175,0.192
SKU-1001,NA-EAST,2024-12-01,793,248,0.313
SKU-1001,NA-EAST,2025-01-01,906,118,0.13
SKU-1001,NA-EAST,2025-02-01,931,151,0.162
SKU-1001,NA-EAST,2025-03-01,962,118,0.123
SKU-1001,NA-EAST,2025-04-01,1001,89,0.089
SKU-1001,NA-EAST,2025-05-01,1031,102,0.099
SKU-1001,NA-EAST,2025-06-01,1106,124,0.112
SKU-1001,NA-EAST,2025-07-01,1023,182,0.178
SKU-1001,NA-EAST,2025-08-01,1043,136,0.13
SKU-1001,NA-EAST,2025-09-01,1039,178,0.171
SKU-1001,NA-EAST,2025-10-01,1116,96,0.086
SKU-1001,NA-EAST,2025-11-01,1044,239,0.229
SKU-1001,NA-EAST,2025-12-01,887,286,0.322
SKU-1001,NA-WEST,2023-01-01,504,77,0.153
SKU-1001,NA-WEST,2023-02-01,504,231,0.458
SKU-1001,NA-WEST,2023-03-01,447,220,0.492
SKU-1001,NA-WEST,2023-04-01,311,228,0.733
SKU-1001,NA-WEST,2023-05-01,255,196,0.769
SKU-1001,NA-WEST,2023-06-01,377,75,0.199
SKU-1001,NA-WEST,2023-07-01,455,172,0.378
SKU-1001,NA-WEST,2023-08-01,597,106,0.178
SKU-1001,NA-WEST,2023-09-01,666,110,0.165
SKU-1001,NA-WEST,2023-10-01,656,111,0.169
SKU-1001,NA-WEST,2023-11-01,645,113,0.175
SKU-1001,NA-WEST,2023-12-01,582,263,0.452
SKU-1001,NA-WEST,2024-01-01,710,110,0.155
SKU-1001,NA-WEST,2024-02-01,802,92,0.115
SKU-1001,NA-WEST,2024-03-01,776,182,0.235
SKU-1001,NA-WEST,2024-04-01,754,200,0.265
SKU-1001,NA-WEST,2024-05-01,650,185,0.285
SKU-1001,NA-WEST,2024-06-01,792,116,0.146
SKU-1001,NA-WEST,2024-07-01,738,181,0.245
SKU-1001,NA-WEST,2024-08-01,770,123,0.16
SKU-1001,NA-WEST,2024-09-01,860,99,0.115
SKU-1001,NA-WEST,2024-10-01,894,200,0.224
SKU-1001,NA-WEST,2024-11-01,1003,109,0.109
SKU-1001,NA-WEST,2024-12-01,1039,172,0.166
SKU-1001,NA-WEST,2025-01-01,1079,217,0.201
SKU-1001,NA-WEST,2025-02-01,992,234,0.236
SKU-1001,NA-WEST,2025-03-01,1074,87,0.081
SKU-1001,NA-WEST,2025-04-01,1071,181,0.169
SKU-1001,NA-WEST,2025-05-01,1087,88,0.081
SKU-1001,NA-WEST,2025-06-01,1231,83,0.067
SKU-1001,NA-WEST,2025-07-01,1242,112,0.09
SKU-1001,NA-WEST,2025-08-01,1292,84,0.065
SKU-1001,NA-WEST,2025-09-01,1341,210,0.157
SKU-1001,NA-WEST,2025-10-01,1415,103,0.073
SKU-1001,NA-WEST,2025-11-01,1368,191,0.14
SKU-1001,NA-WEST,2025-12-01,1366,159,0.116
SKU-1002,APAC-SE,2023-01-01,937,99,0.106
SKU-1002,APAC-SE,2023-02-01,1048,134,0.128
SKU-1002,APAC-SE,2023-03-01,1192,108,0.091
SKU-1002,APAC-SE,2023-04-01,1221,179,0.147
SKU-1002,APAC-SE,2023-05-01,1275,204,0.16
SKU-1002,APAC-SE,2023-06-01,1289,227,0.176
SKU-1002,APAC-SE,2023-07-01,1361,134,0.098
SKU-1002,APAC-SE,2023-08-01,1413,148,0.105
SKU-1002,APAC-SE,2023-09-01,1367,230,0.168
SKU-1002,APAC-SE,2023-10-01,1249,221,0.177
SKU-1002,APAC-SE,2023-11-01,1202,248,0.206
SKU-1002,APAC-SE,2023-12-01,1018,302,0.297
SKU-1002,APAC-SE,2024-01-01,1040,77,0.074
SKU-1002,APAC-SE,2024-02-01,993,146,0.147
SKU-1002,APAC-SE,2024-03-01,1040,104,0.1
SKU-1002,APAC-SE,2024-04-01,1040,145,0.139
SKU-1002,APAC-SE,2024-05-01,1018,202,0.198
SKU-1002,APAC-SE,2024-06-01,1030,194,0.188
SKU-1002,APAC-SE,2024-07-01,979,180,0.184
SKU-1002,APAC-SE,2024-08-01,941,183,0.194
SKU-1002,APAC-SE,2024-09-01,961,201,0.209
SKU-1002,APAC-SE,2024-10-01,884,219,0.248
SKU-1002,APAC-SE,2024-11-01,833,239,0.287
SKU-1002,APAC-SE,2024-12-01,903,127,0.141
SKU-1002,APAC-SE,2025-01-01,877,159,0.181
SKU-1002,APAC-SE,2025-02-01,995,137,0.138
SKU-1002,APAC-SE,2025-03-01,1026,226,0.22
SKU-1002,APAC-SE,2025-04-01,943,182,0.193
SKU-1002,APAC-SE,2025-05-01,842,209,0.248
SKU-1002,APAC-SE,2025-06-01,899,195,0.217
SKU-1002,APAC-SE,2025-07-01,1006,113,0.112
SKU-1002,APAC-SE,2025-08-01,1044,170,0.163
SKU-1002,APAC-SE,2025-09-01,1005,179,0.178
SKU-1002,APAC-SE,2025-10-01,1050,142,0.135
SKU-1002,APAC-SE,2025-11-01,1154,119,0.103
SKU-1002,APAC-SE,2025-12-01,1105,139,0.126
SKU-1002,EU-CENTRAL,2023-01-01,908,171,0.188
SKU-1002,EU-CENTRAL,2023-02-01,754,235,0.312
SKU-1002,EU-CENTRAL,2023-03-01,693,167,0.241
SKU-1002,EU-CENTRAL,2023-04-01,704,167,0.237
SKU-1002,EU-CENTRAL,2023-05-01,696,166,0.239
SKU-1002,EU-CENTRAL,2023-06-01,668,144,0.216
SKU-1002,EU-CENTRAL,2023-07-01,668,109,0.163
SKU-1002,EU-CENTRAL,2023-08-01,665,190,0.286
SKU-1002,EU-CENTRAL,2023-09-01,698,123,0.176
SKU-1002,EU-CENTRAL,2023-10-01,696,150,0.216
SKU-1002,EU-CENTRAL,2023-11-01,526,309,0.587
SKU-1002,EU-CENTRAL,2023-12-01,413,249,0.603
SKU-1002,EU-CENTRAL,2024-01-01,319,201,0.63
SKU-1002,EU-CENTRAL,2024-02-01,221,204,0.923
SKU-1002,EU-CENTRAL,2024-03-01,241,203,0.842
SKU-1002,EU-CENTRAL,2024-04-01,292,205,0.702
SKU-1002,EU-CENTRAL,2024-05-01,335,203,0.606
SKU-1002,EU-CENTRAL,2024-06-01,343,105,0.306
SKU-1002,EU-CENTRAL,2024-07-01,353,120,0.34
SKU-1002,EU-CENTRAL,2024-08-01,349,93,0.266
SKU-1002,EU-CENTRAL,2024-09-01,375,150,0.4
SKU-1002,EU-CENTRAL,2024-10-01,432,125,0.289
SKU-1002,EU-CENTRAL,2024-11-01,374,289,0.773
SKU-1002,EU-CENTRAL,2024-12-01,189,295,1.561
SKU-1002,EU-CENTRAL,2025-01-01,91,191,2.099
SKU-1002,EU-CENTRAL,2025-02-01,6,227,37.833
SKU-1002,EU-CENTRAL,2025-03-01,0,135,
SKU-1002,EU-CENTRAL,2025-04-01,0,214,
SKU-1002,EU-CENTRAL,2025-05-01,0,109,
SKU-1002,EU-CENTRAL,2025-06-01,0,198,
SKU-1002,EU-CENTRAL,2025-07-01,131,109,0.832
SKU-1002,EU-CENTRAL,2025-08-01,199,114,0.573
SKU-1002,EU-CENTRAL,2025-09-01,62,224,3.613
SKU-1002,EU-CENTRAL,2025-10-01,38,216,5.684
SKU-1002,EU-CENTRAL,2025-11-01,0,270,
SKU-1002,EU-CENTRAL,2025-12-01,0,184,
SKU-1002,LATAM,2023-01-01,320,88,0.275
SKU-1002,LATAM,2023-02-01,345,161,0.467
SKU-1002,LATAM,2023-03-01,325,171,0.526
SKU-1002,LATAM,2023-04-01,342,126,0.368
SKU-1002,LATAM,2023-05-01,407,168,0.413
SKU-1002,LATAM,2023-06-01,419,225,0.537
SKU-1002,LATAM,2023-07-01,389,157,0.404
SKU-1002,LATAM,2023-08-01,446,156,0.35
SKU-1002,LATAM,2023-09-01,484,203,0.419
SKU-1002,LATAM,2023-10-01,415,183,0.441
SKU-1002,LATAM,2023-11-01,395,265,0.671
SKU-1002,LATAM,2023-12-01,410,97,0.237
SKU-1002,LATAM,2024-01-01,430,139,0.323
SKU-1002,LATAM,2024-02-01,354,198,0.559
SKU-1002,LATAM,2024-03-01,452,83,0.184
SKU-1002,LATAM,2024-04-01,366,227,0.62
SKU-1002,LATAM,2024-05-01,293,217,0.741
SKU-1002,LATAM,2024-06-01,333,121,0.363
SKU-1002,LATAM,2024-07-01,325,182,0.56
SKU-1002,LATAM,2024-08-01,294,197,0.67
SKU-1002,LATAM,2024-09-01,305,130,0.426
SKU-1002,LATAM,2024-10-01,410,82,0.2
SKU-1002,LATAM,2024-11-01,268,306,1.142
SKU-1002,LATAM,2024-12-01,109,250,2.294
SKU-1002,LATAM,2025-01-01,40,200,5.0
SKU-1002,LATAM,2025-02-01,86,182,2.116
SKU-1002,LATAM,2025-03-01,0,208,
SKU-1002,LATAM,2025-04-01,0,196,
SKU-1002,LATAM,2025-05-01,0,165,
SKU-1002,LATAM,2025-06-01,0,225,
SKU-1002,LATAM,2025-07-01,0,216,
SKU-1002,LATAM,2025-08-01,0,159,
SKU-1002,LATAM,2025-09-01,0,166,
SKU-1002,LATAM,2025-10-01,71,147,2.07
SKU-1002,LATAM,2025-11-01,0,210,
SKU-1002,LATAM,2025-12-01,0,266,
SKU-1002,NA-EAST,2023-01-01,379,127,0.335
SKU-1002,NA-EAST,2023-02-01,319,142,0.445
SKU-1002,NA-EAST,2023-03-01,397,81,0.204
SKU-1002,NA-EAST,2023-04-01,404,112,0.277
SKU-1002,NA-EAST,2023-05-01,400,95,0.238
SKU-1002,NA-EAST,2023-06-01,415,145,0.349
SKU-1002,NA-EAST,2023-07-01,331,228,0.689
SKU-1002,NA-EAST,2023-08-01,324,214,0.66
SKU-1002,NA-EAST,2023-09-01,363,187,0.515
SKU-1002,NA-EAST,2023-10-01,417,121,0.29
SKU-1002,NA-EAST,2023-11-01,290,304,1.048
SKU-1002,NA-EAST,2023-12-01,321,208,0.648
SKU-1002,NA-EAST,2024-01-01,411,141,0.343
SKU-1002,NA-EAST,2024-02-01,406,87,0.214
SKU-1002,NA-EAST,2024-03-01,359,155,0.432
SKU-1002,NA-EAST,2024-04-01,407,137,0.337
SKU-1002,NA-EAST,2024-05-01,327,187,0.572
SKU-1002,NA-EAST,2024-06-01,236,231,0.979
SKU-1002,NA-EAST,2024-07-01,323,148,0.458
SKU-1002,NA-EAST,2024-08-01,339,137,0.404
SKU-1002,NA-EAST,2024-09-01,303,122,0.403
SKU-1002,NA-EAST,2024-10-01,319,189,0.592
SKU-1002,NA-EAST,2024-11-01,115,287,2.496
SKU-1002,NA-EAST,2024-12-01,135,170,1.259
SKU-1002,NA-EAST,2025-01-01,0,226,
SKU-1002,NA-EAST,2025-02-01,0,149,
SKU-1002,NA-EAST,2025-03-01,75,182,2.427
SKU-1002,NA-EAST,2025-04-01,8,201,25.125
SKU-1002,NA-EAST,2025-05-01,4,167,41.75
SKU-1002,NA-EAST,2025-06-01,78,157,2.013
SKU-1002,NA-EAST,2025-07-01,107,217,2.028
SKU-1002,NA-EAST,2025-08-01,190,77,0.405
SKU-1002,NA-EAST,2025-09-01,341,94,0.276
SKU-1002,NA-EAST,2025-10-01,392,93,0.237
SKU-1002,NA-EAST,2025-11-01,219,256,1.169
SKU-1002,NA-EAST,2025-12-01,163,239,1.466
SKU-1002,NA-WEST,2023-01-01,459,147,0.32
SKU-1002,NA-WEST,2023-02-01,505,185,0.366
SKU-1002,NA-WEST,2023-03-01,532,75,0.141
SKU-1002,NA-WEST,2023-04-01,600,93,0.155
SKU-1002,NA-WEST,2023-05-01,586,103,0.176
SKU-1002,NA-WEST,2023-06-01,565,190,0.336
SKU-1002,NA-WEST,2023-07-01,415,232,0.559
SKU-1002,NA-WEST,2023-08-01,438,79,0.18
SKU-1002,NA-WEST,2023-09-01,467,75,0.161
SKU-1002,NA-WEST,2023-10-01,578,90,0.156
SKU-1002,NA-WEST,2023-11-01,475,289,0.608
SKU-1002,NA-WEST,2023-12-01,417,228,0.547
SKU-1002,NA-WEST,2024-01-01,524,127,0.242
SKU-1002,NA-WEST,2024-02-01,545,76,0.139
SKU-1002,NA-WEST,2024-03-01,634,105,0.166
SKU-1002,NA-WEST,2024-04-01,696,102,0.147
SKU-1002,NA-WEST,2024-05-01,634,226,0.356
SKU-1002,NA-WEST,2024-06-01,691,128,0.185
SKU-1002,NA-WEST,2024-07-01,714,166,0.232
SKU-1002,NA-WEST,2024-08-01,805,73,0.091
SKU-1002,NA-WEST,2024-09-01,930,86,0.092
SKU-1002,NA-WEST,2024-10-01,872,226,0.259
SKU-1002,NA-WEST,2024-11-01,883,107,0.121
SKU-1002,NA-WEST,2024-12-01,908,107,0.118
SKU-1002,NA-WEST,2025-01-01,980,131,0.134
SKU-1002,NA-WEST,2025-02-01,868,225,0.259
SKU-1002,NA-WEST,2025-03-01,894,217,0.243
SKU-1002,NA-WEST,2025-04-01,868,131,0.151
SKU-1002,NA-WEST,2025-05-01,901,165,0.183
SKU-1002,NA-WEST,2025-06-01,899,124,0.138
SKU-1002,NA-WEST,2025-07-01,914,103,0.113
SKU-1002,NA-WEST,2025-08-01,825,206,0.25
SKU-1002,NA-WEST,2025-09-01,922,103,0.112
SKU-1002,NA-WEST,2025-10-01,939,80,0.085
SKU-1002,NA-WEST,2025-11-01,915,192,0.21
SKU-1002,NA-WEST,2025-12-01,844,179,0.212
SKU-1003,APAC-SE,2023-01-01,871,128,0.147
SKU-1003,APAC-SE,2023-02-01,1016,70,0.069
SKU-1003,APAC-SE,2023-03-01,1063,199,0.187
SKU-1003,APAC-SE,2023-04-01,1074,189,0.176
SKU-1003,APAC-SE,2023-05-01,1148,166,0.145
SKU-1003,APAC-SE,2023-06-01,1146,234,0.204
SKU-1003,APAC-SE,2023-07-01,1330,74,0.056
SKU-1003,APAC-SE,2023-08-01,1234,225,0.182
SKU-1003,APAC-SE,2023-09-01,1257,143,0.114
SKU-1003,APAC-SE,2023-10-01,1389,111,0.08
SKU-1003,APAC-SE,2023-11-01,1360,252,0.185
SKU-1003,APAC-SE,2023-12-01,1209,247,0.204
SKU-1003,APAC-SE,2024-01-01,1326,95,0.072
SKU-1003,APAC-SE,2024-02-01,1345,137,0.102
SKU-1003,APAC-SE,2024-03-01,1352,153,0.113
SKU-1003,APAC-SE,2024-04-01,1293,234,0.181
SKU-1003,APAC-SE,2024-05-01,1250,140,0.112
SKU-1003,APAC-SE,2024-06-01,1348,120,0.089
SKU-1003,APAC-SE,2024-07-01,1264,237,0.188
SKU-1003,APAC-SE,2024-08-01,1271,200,0.157
SKU-1003,APAC-SE,2024-09-01,1295,219,0.169
SKU-1003,APAC-SE,2024-10-01,1344,98,0.073
SKU-1003,APAC-SE,2024-11-01,1349,169,0.125
SKU-1003,APAC-SE,2024-12-01,1404,185,0.132
SKU-1003,APAC-SE,2025-01-01,1311,203,0.155
SKU-1003,APAC-SE,2025-02-01,1255,142,0.113
SKU-1003,APAC-SE,2025-03-01,1301,87,0.067
SKU-1003,APAC-SE,2025-04-01,1368,111,0.081
SKU-1003,APAC-SE,2025-05-01,1472,125,0.085
SKU-1003,APAC-SE,2025-06-01,1418,137,0.097
SKU-1003,APAC-SE,2025-07-01,1505,163,0.108
SKU-1003,APAC-SE,2025-08-01,1559,120,0.077
SKU-1003,APAC-SE,2025-09-01,1555,88,0.057
SKU-1003,APAC-SE,2025-10-01,1459,235,0.161
SKU-1003,APAC-SE,2025-11-01,1503,131,0.087
SKU-1003,APAC-SE,2025-12-01,1379,213,0.154
SKU-1003,EU-CENTRAL,2023-01-01,389,205,0.527
SKU-1003,EU-CENTRAL,2023-02-01,402,140,0.348
SKU-1003,EU-CENTRAL,2023-03-01,307,179,0.583
SKU-1003,EU-CENTRAL,2023-04-01,326,236,0.724
SKU-1003,EU-CENTRAL,2023-05-01,330,96,0.291
SKU-1003,EU-CENTRAL,2023-06-01,440,72,0.164
SKU-1003,EU-CENTRAL,2023-07-01,409,127,0.311
SKU-1003,EU-CENTRAL,2023-08-01,379,176,0.464
SKU-1003,EU-CENTRAL,2023-09-01,368,143,0.389
SKU-1003,EU-CENTRAL,2023-10-01,419,172,0.411
SKU-1003,EU-CENTRAL,2023-11-01,383,185,0.483
SKU-1003,EU-CENTRAL,2023-12-01,341,267,0.783
SKU-1003,EU-CENTRAL,2024-01-01,416,75,0.18
SKU-1003,EU-CENTRAL,2024-02-01,326,171,0.525
SKU-1003,EU-CENTRAL,2024-03-01,404,124,0.307
SKU-1003,EU-CENTRAL,2024-04-01,332,223,0.672
SKU-1003,EU-CENTRAL,2024-05-01,270,203,0.752
SKU-1003,EU-CENTRAL,2024-06-01,345,118,0.342
SKU-1003,EU-CENTRAL,2024-07-01,326,214,0.656
SKU-1003,EU-CENTRAL,2024-08-01,312,176,0.564
SKU-1003,EU-CENTRAL,2024-09-01,306,185,0.605
SKU-1003,EU-CENTRAL,2024-10-01,379,77,0.203
SKU-1003,EU-CENTRAL,2024-11-01,402,139,0.346
SKU-1003,EU-CENTRAL,2024-12-01,406,135,0.333
SKU-1003,EU-CENTRAL,2025-01-01,394,177,0.449
SKU-1003,EU-CENTRAL,2025-02-01,326,213,0.653
SKU-1003,EU-CENTRAL,2025-03-01,351,87,0.248
SKU-1003,EU-CENTRAL,2025-04-01,336,215,0.64
SKU-1003,EU-CENTRAL,2025-05-01,347,199,0.573
SKU-1003,EU-CENTRAL,2025-06-01,342,194,0.567
SKU-1003,EU-CENTRAL,2025-07-01,463,88,0.19
SKU-1003,EU-CENTRAL,2025-08-01,510,128,0.251
SKU-1003,EU-CENTRAL,2025-09-01,546,221,0.405
SKU-1003,EU-CENTRAL,2025-10-01,493,219,0.444
SKU-1003,EU-CENTRAL,2025-11-01,463,158,0.341
SKU-1003,EU-CENTRAL,2025-12-01,610,109,0.179
SKU-1003,LATAM,2023-01-01,647,211,0.326
SKU-1003,LATAM,2023-02-01,817,82,0.1
SKU-1003,LATAM,2023-03-01,828,106,0.128
SKU-1003,LATAM,2023-04-01,933,82,0.088
SKU-1003,LATAM,2023-05-01,950,141,0.148
SKU-1003,LATAM,2023-06-01,998,152,0.152
SKU-1003,LATAM,2023-07-01,911,218,0.239
SKU-1003,LATAM,2023-08-01,928,71,0.077
SKU-1003,LATAM,2023-09-01,823,191,0.232
SKU-1003,LATAM,2023-10-01,860,116,0.135
SKU-1003,LATAM,2023-11-01,777,179,0.23
SKU-1003,LATAM,2023-12-01,697,174,0.25
SKU-1003,LATAM,2024-01-01,642,216,0.336
SKU-1003,LATAM,2024-02-01,668,167,0.25
SKU-1003,LATAM,2024-03-01,745,102,0.137
SKU-1003,LATAM,2024-04-01,675,209,0.31
SKU-1003,LATAM,2024-05-01,690,89,0.129
SKU-1003,LATAM,2024-06-01,832,103,0.124
SKU-1003,LATAM,2024-07-01,793,231,0.291
SKU-1003,LATAM,2024-08-01,845,197,0.233
SKU-1003,LATAM,2024-09-01,902,186,0.206
SKU-1003,LATAM,2024-10-01,844,160,0.19
SKU-1003,LATAM,2024-11-01,787,287,0.365
SKU-1003,LATAM,2024-12-01,785,98,0.125
SKU-1003,LATAM,2025-01-01,897,90,0.1
SKU-1003,LATAM,2025-02-01,839,186,0.222
SKU-1003,LATAM,2025-03-01,820,157,0.191
SKU-1003,LATAM,2025-04-01,688,237,0.344
SKU-1003,LATAM,2025-05-01,808,136,0.168
SKU-1003,LATAM,2025-06-01,763,187,0.245
SKU-1003,LATAM,2025-07-01,828,185,0.223
SKU-1003,LATAM,2025-08-01,826,166,0.201
SKU-1003,LATAM,2025-09-01,851,91,0.107
SKU-1003,LATAM,2025-10-01,819,207,0.253
SKU-1003,LATAM,2025-11-01,699,219,0.313
SKU-1003,LATAM,2025-12-01,525,291,0.554
SKU-1003,NA-EAST,2023-01-01,622,227,0.365
SKU-1003,NA-EAST,2023-02-01,733,89,0.121
SKU-1003,NA-EAST,2023-03-01,793,121,0.153
SKU-1003,NA-EAST,2023-04-01,888,139,0.157
SKU-1003,NA-EAST,2023-05-01,816,199,0.244
SKU-1003,NA-EAST,2023-06-01,896,174,0.194
SKU-1003,NA-EAST,2023-07-01,933,188,0.202
SKU-1003,NA-EAST,2023-08-01,960,148,0.154
SKU-1003,NA-EAST,2023-09-01,932,170,0.182
SKU-1003,NA-EAST,2023-10-01,1015,130,0.128
SKU-1003,NA-EAST,2023-11-01,925,204,0.221
SKU-1003,NA-EAST,2023-12-01,939,206,0.219
SKU-1003,NA-EAST,2024-01-01,1063,128,0.12
SKU-1003,NA-EAST,2024-02-01,1152,116,0.101
SKU-1003,NA-EAST,2024-03-01,1211,111,0.092
SKU-1003,NA-EAST,2024-04-01,1249,83,0.066
SKU-1003,NA-EAST,2024-05-01,1375,73,0.053
SKU-1003,NA-EAST,2024-06-01,1372,204,0.149
SKU-1003,NA-EAST,2024-07-01,1424,73,0.051
SKU-1003,NA-EAST,2024-08-01,1391,198,0.142
SKU-1003,NA-EAST,2024-09-01,1379,191,0.139
SKU-1003,NA-EAST,2024-10-01,1406,86,0.061
SKU-1003,NA-EAST,2024-11-01,1405,133,0.095
SKU-1003,NA-EAST,2024-12-01,1406,230,0.164
SKU-1003,NA-EAST,2025-01-01,1471,156,0.106
SKU-1003,NA-EAST,2025-02-01,1484,133,0.09
SKU-1003,NA-EAST,2025-03-01,1431,207,0.145
SKU-1003,NA-EAST,2025-04-01,1304,220,0.169
SKU-1003,NA-EAST,2025-05-01,1364,99,0.073
SKU-1003,NA-EAST,2025-06-01,1355,235,0.173
SKU-1003,NA-EAST,2025-07-01,1267,176,0.139
SKU-1003,NA-EAST,2025-08-01,1337,102,0.076
SKU-1003,NA-EAST,2025-09-01,1467,70,0.048
SKU-1003,NA-EAST,2025-10-01,1379,227,0.165
SKU-1003,NA-EAST,2025-11-01,1331,205,0.154
SKU-1003,NA-EAST,2025-12-01,1177,241,0.205
SKU-1003,NA-WEST,2023-01-01,320,127,0.397
SKU-1003,NA-WEST,2023-02-01,353,149,0.422
SKU-1003,NA-WEST,2023-03-01,430,149,0.347
SKU-1003,NA-WEST,2023-04-01,345,177,0.513
SKU-1003,NA-WEST,2023-05-01,300,220,0.733
SKU-1003,NA-WEST,2023-06-01,427,105,0.246
SKU-1003,NA-WEST,2023-07-01,425,160,0.376
SKU-1003,NA-WEST,2023-08-01,548,126,0.23
SKU-1003,NA-WEST,2023-09-01,642,76,0.118
SKU-1003,NA-WEST,2023-10-01,649,193,0.297
SKU-1003,NA-WEST,2023-11-01,663,123,0.186
SKU-1003,NA-WEST,2023-12-01,609,156,0.256
SKU-1003,NA-WEST,2024-01-01,618,141,0.228
SKU-1003,NA-WEST,2024-02-01,603,135,0.224
SKU-1003,NA-WEST,2024-03-01,595,153,0.257
SKU-1003,NA-WEST,2024-04-01,539,180,0.334
SKU-1003,NA-WEST,2024-05-01,528,118,0.223
SKU-1003,NA-WEST,2024-06-01,553,167,0.302
SKU-1003,NA-WEST,2024-07-01,697,89,0.128
SKU-1003,NA-WEST,2024-08-01,736,220,0.299
SKU-1003,NA-WEST,2024-09-01,765,141,0.184
SKU-1003,NA-WEST,2024-10-01,851,93,0.109
SKU-1003,NA-WEST,2024-11-01,699,275,0.393
SKU-1003,NA-WEST,2024-12-01,679,241,0.355
SKU-1003,NA-WEST,2025-01-01,614,198,0.322
SKU-1003,NA-WEST,2025-02-01,689,123,0.179
SKU-1003,NA-WEST,2025-03-01,608,176,0.289
SKU-1003,NA-WEST,2025-04-01,663,149,0.225
SKU-1003,NA-WEST,2025-05-01,572,228,0.399
SKU-1003,NA-WEST,2025-06-01,724,92,0.127
SKU-1003,NA-WEST,2025-07-01,822,134,0.163
SKU-1003,NA-WEST,2025-08-01,899,149,0.166
SKU-1003,NA-WEST,2025-09-01,928,119,0.128
SKU-1003,NA-WEST,2025-10-01,864,208,0.241
SKU-1003,NA-WEST,2025-11-01,855,221,0.258
SKU-1003,NA-WEST,2025-12-01,906,196,0.216
SKU-1004,APAC-SE,2023-01-01,542,143,0.264
SKU-1004,APAC-SE,2023-02-01,611,73,0.119
SKU-1004,APAC-SE,2023-03-01,623,198,0.318
SKU-1004,APAC-SE,2023-04-01,605,195,0.322
SKU-1004,APAC-SE,2023-05-01,588,110,0.187
SKU-1004,APAC-SE,2023-06-01,623,136,0.218
SKU-1004,APAC-SE,2023-07-01,566,179,0.316
SKU-1004,APAC-SE,2023-08-01,620,174,0.281
SKU-1004,APAC-SE,2023-09-01,613,210,0.343
SKU-1004,APAC-SE,2023-10-01,549,179,0.326
SKU-1004,APAC-SE,2023-11-01,455,297,0.653
SKU-1004,APAC-SE,2023-12-01,382,302,0.791
SKU-1004,APAC-SE,2024-01-01,277,229,0.827
SKU-1004,APAC-SE,2024-02-01,260,109,0.419
SKU-1004,APAC-SE,2024-03-01,376,131,0.348
SKU-1004,APAC-SE,2024-04-01,283,204,0.721
SKU-1004,APAC-SE,2024-05-01,352,109,0.31
SKU-1004,APAC-SE,2024-06-01,284,225,0.792
SKU-1004,APAC-SE,2024-07-01,299,179,0.599
SKU-1004,APAC-SE,2024-08-01,413,122,0.295
SKU-1004,APAC-SE,2024-09-01,374,198,0.529
SKU-1004,APAC-SE,2024-10-01,358,227,0.634
SKU-1004,APAC-SE,2024-11-01,403,193,0.479
SKU-1004,APAC-SE,2024-12-01,411,150,0.365
SKU-1004,APAC-SE,2025-01-01,366,139,0.38
SKU-1004,APAC-SE,2025-02-01,373,109,0.292
SKU-1004,APAC-SE,2025-03-01,384,136,0.354
SKU-1004,APAC-SE,2025-04-01,471,75,0.159
SKU-1004,APAC-SE,2025-05-01,519,191,0.368
SKU-1004,APAC-SE,2025-06-01,472,176,0.373
SKU-1004,APAC-SE,2025-07-01,543,145,0.267
SKU-1004,APAC-SE,2025-08-01,547,86,0.157
SKU-1004,APAC-SE,2025-09-01,468,165,0.353
SKU-1004,APAC-SE,2025-10-01,409,189,0.462
SKU-1004,APAC-SE,2025-11-01,341,157,0.46
SKU-1004,APAC-SE,2025-12-01,390,109,0.279
SKU-1004,EU-CENTRAL,2023-01-01,346,189,0.546
SKU-1004,EU-CENTRAL,2023-02-01,450,112,0.249
SKU-1004,EU-CENTRAL,2023-03-01,521,95,0.182
SKU-1004,EU-CENTRAL,2023-04-01,474,128,0.27
SKU-1004,EU-CENTRAL,2023-05-01,487,192,0.394
SKU-1004,EU-CENTRAL,2023-06-01,430,209,0.486
SKU-1004,EU-CENTRAL,2023-07-01,438,130,0.297
SKU-1004,EU-CENTRAL,2023-08-01,371,236,0.636
SKU-1004,EU-CENTRAL,2023-09-01,415,103,0.248
SKU-1004,EU-CENTRAL,2023-10-01,392,150,0.383
SKU-1004,EU-CENTRAL,2023-11-01,381,104,0.273
SKU-1004,EU-CENTRAL,2023-12-01,392,145,0.37
SKU-1004,EU-CENTRAL,2024-01-01,387,218,0.563
SKU-1004,EU-CENTRAL,2024-02-01,410,211,0.515
SKU-1004,EU-CENTRAL,2024-03-01,408,159,0.39
SKU-1004,EU-CENTRAL,2024-04-01,436,70,0.161
SKU-1004,EU-CENTRAL,2024-05-01,427,224,0.525
SKU-1004,EU-CENTRAL,2024-06-01,479,192,0.401
SKU-1004,EU-CENTRAL,2024-07-01,451,202,0.448
SKU-1004,EU-CENTRAL,2024-08-01,552,142,0.257
SKU-1004,EU-CENTRAL,2024-09-01,606,150,0.248
SKU-1004,EU-CENTRAL,2024-10-01,502,198,0.394
SKU-1004,EU-CENTRAL,2024-11-01,617,145,0.235
SKU-1004,EU-CENTRAL,2024-12-01,410,289,0.705
SKU-1004,EU-CENTRAL,2025-01-01,474,161,0.34
SKU-1004,EU-CENTRAL,2025-02-01,607,119,0.196
SKU-1004,EU-CENTRAL,2025-03-01,561,236,0.421
SKU-1004,EU-CENTRAL,2025-04-01,529,178,0.336
SKU-1004,EU-CENTRAL,2025-05-01,490,201,0.41
SKU-1004,EU-CENTRAL,2025-06-01,501,112,0.224
SKU-1004,EU-CENTRAL,2025-07-01,573,129,0.225
SKU-1004,EU-CENTRAL,2025-08-01,577,222,0.385
SKU-1004,EU-CENTRAL,2025-09-01,626,139,0.222
SKU-1004,EU-CENTRAL,2025-10-01,623,197,0.316
SKU-1004,EU-CENTRAL,2025-11-01,621,170,0.274
SKU-1004,EU-CENTRAL,2025-12-01,616,117,0.19
SKU-1004,LATAM,2023-01-01,579,174,0.301
SKU-1004,LATAM,2023-02-01,455,237,0.521
SKU-1004,LATAM,2023-03-01,543,80,0.147
SKU-1004,LATAM,2023-04-01,500,183,0.366
SKU-1004,LATAM,2023-05-01,598,155,0.259
SKU-1004,LATAM,2023-06-01,598,164,0.274
SKU-1004,LATAM,2023-07-01,675,107,0.159
SKU-1004,LATAM,2023-08-01,703,127,0.181
SKU-1004,LATAM,2023-09-01,734,201,0.274
SKU-1004,LATAM,2023-10-01,585,236,0.403
SKU-1004,LATAM,2023-11-01,592,111,0.188
SKU-1004,LATAM,2023-12-01,585,102,0.174
SKU-1004,LATAM,2024-01-01,710,93,0.131
SKU-1004,LATAM,2024-02-01,704,132,0.188
SKU-1004,LATAM,2024-03-01,837,115,0.137
SKU-1004,LATAM,2024-04-01,948,83,0.088
SKU-1004,LATAM,2024-05-01,1030,114,0.111
SKU-1004,LATAM,2024-06-01,1183,93,0.079
SKU-1004,LATAM,2024-07-01,1151,142,0.123
SKU-1004,LATAM,2024-08-01,1222,156,0.128
SKU-1004,LATAM,2024-09-01,1280,155,0.121
SKU-1004,LATAM,2024-10-01,1358,173,0.127
SKU-1004,LATAM,2024-11-01,1321,271,0.205
SKU-1004,LATAM,2024-12-01,1286,291,0.226
SKU-1004,LATAM,2025-01-01,1335,179,0.134
SKU-1004,LATAM,2025-02-01,1379,129,0.094
SKU-1004,LATAM,2025-03-01,1392,233,0.167
SKU-1004,LATAM,2025-04-01,1434,196,0.137
SKU-1004,LATAM,2025-05-01,1538,149,0.097
SKU-1004,LATAM,2025-06-01,1584,207,0.131
SKU-1004,LATAM,2025-07-01,1558,141,0.091
SKU-1004,LATAM,2025-08-01,1584,88,0.056
SKU-1004,LATAM,2025-09-01,1664,173,0.104
SKU-1004,LATAM,2025-10-01,1711,171,0.1
SKU-1004,LATAM,2025-11-01,1614,178,0.11
SKU-1004,LATAM,2025-12-01,1546,154,0.1
SKU-1004,NA-EAST,2023-01-01,347,231,0.666
SKU-1004,NA-EAST,2023-02-01,373,72,0.193
SKU-1004,NA-EAST,2023-03-01,323,163,0.505
SKU-1004,NA-EAST,2023-04-01,274,169,0.617
SKU-1004,NA-EAST,2023-05-01,265,149,0.562
SKU-1004,NA-EAST,2023-06-01,299,181,0.605
SKU-1004,NA-EAST,2023-07-01,325,195,0.6
SKU-1004,NA-EAST,2023-08-01,411,102,0.248
SKU-1004,NA-EAST,2023-09-01,445,210,0.472
SKU-1004,NA-EAST,2023-10-01,493,152,0.308
SKU-1004,NA-EAST,2023-11-01,393,306,0.779
SKU-1004,NA-EAST,2023-12-01,420,153,0.364
SKU-1004,NA-EAST,2024-01-01,413,213,0.516
SKU-1004,NA-EAST,2024-02-01,429,193,0.45
SKU-1004,NA-EAST,2024-03-01,409,105,0.257
SKU-1004,NA-EAST,2024-04-01,436,190,0.436
SKU-1004,NA-EAST,2024-05-01,371,214,0.577
SKU-1004,NA-EAST,2024-06-01,290,229,0.79
SKU-1004,NA-EAST,2024-07-01,345,165,0.478
SKU-1004,NA-EAST,2024-08-01,246,222,0.902
SKU-1004,NA-EAST,2024-09-01,330,99,0.3
SKU-1004,NA-EAST,2024-10-01,377,168,0.446
SKU-1004,NA-EAST,2024-11-01,195,269,1.379
SKU-1004,NA-EAST,2024-12-01,0,302,
SKU-1004,NA-EAST,2025-01-01,0,226,
SKU-1004,NA-EAST,2025-02-01,52,167,3.212
SKU-1004,NA-EAST,2025-03-01,27,203,7.519
SKU-1004,NA-EAST,2025-04-01,0,156,
SKU-1004,NA-EAST,2025-05-01,15,186,12.4
SKU-1004,NA-EAST,2025-06-01,0,166,
SKU-1004,NA-EAST,2025-07-01,0,199,
SKU-1004,NA-EAST,2025-08-01,0,187,
SKU-1004,NA-EAST,2025-09-01,86,141,1.64
SKU-1004,NA-EAST,2025-10-01,109,111,1.018
SKU-1004,NA-EAST,2025-11-01,40,287,7.175
SKU-1004,NA-EAST,2025-12-01,79,126,1.595
SKU-1004,NA-WEST,2023-01-01,706,130,0.184
SKU-1004,NA-WEST,2023-02-01,732,81,0.111
SKU-1004,NA-WEST,2023-03-01,734,134,0.183
SKU-1004,NA-WEST,2023-04-01,638,198,0.31
SKU-1004,NA-WEST,2023-05-01,703,150,0.213
SKU-1004,NA-WEST,2023-06-01,774,90,0.116
SKU-1004,NA-WEST,2023-07-01,813,186,0.229
SKU-1004,NA-WEST,2023-08-01,891,100,0.112
SKU-1004,NA-WEST,2023-09-01,984,141,0.143
SKU-1004,NA-WEST,2023-10-01,1001,228,0.228
SKU-1004,NA-WEST,2023-11-01,1072,146,0.136
SKU-1004,NA-WEST,2023-12-01,1024,252,0.246
SKU-1004,NA-WEST,2024-01-01,1109,121,0.109
SKU-1004,NA-WEST,2024-02-01,1107,142,0.128
SKU-1004,NA-WEST,2024-03-01,1128,198,0.176
SKU-1004,NA-WEST,2024-04-01,1210,127,0.105
SKU-1004,NA-WEST,2024-05-01,1133,203,0.179
SKU-1004,NA-WEST,2024-06-01,1217,159,0.131
SKU-1004,NA-WEST,2024-07-01,1179,176,0.149
SKU-1004,NA-WEST,2024-08-01,1186,177,0.149
SKU-1004,NA-WEST,2024-09-01,1205,75,0.062
SKU-1004,NA-WEST,2024-10-01,1177,188,0.16
SKU-1004,NA-WEST,2024-11-01,1289,101,0.078
SKU-1004,NA-WEST,2024-12-01,1136,276,0.243
SKU-1004,NA-WEST,2025-01-01,1166,117,0.1
SKU-1004,NA-WEST,2025-02-01,1165,102,0.088
SKU-1004,NA-WEST,2025-03-01,1118,209,0.187
SKU-1004,NA-WEST,2025-04-01,1055,217,0.206
SKU-1004,NA-WEST,2025-05-01,1224,90,0.074
SKU-1004,NA-WEST,2025-06-01,1119,206,0.184
SKU-1004,NA-WEST,2025-07-01,1132,138,0.122
SKU-1004,NA-WEST,2025-08-01,1197,127,0.106
SKU-1004,NA-WEST,2025-09-01,1204,122,0.101
SKU-1004,NA-WEST,2025-10-01,1243,213,0.171
SKU-1004,NA-WEST,2025-11-01,1285,100,0.078
SKU-1004,NA-WEST,2025-12-01,1191,226,0.19
SKU-1005,APAC-SE,2023-01-01,255,203,0.796
SKU-1005,APAC-SE,2023-02-01,148,190,1.284
SKU-1005,APAC-SE,2023-03-01,88,178,2.023
SKU-1005,APAC-SE,2023-04-01,144,139,0.965
SKU-1005,APAC-SE,2023-05-01,213,159,0.746
SKU-1005,APAC-SE,2023-06-01,253,165,0.652
SKU-1005,APAC-SE,2023-07-01,338,122,0.361
SKU-1005,APAC-SE,2023-08-01,250,215,0.86
SKU-1005,APAC-SE,2023-09-01,173,163,0.942
SKU-1005,APAC-SE,2023-10-01,115,240,2.087
SKU-1005,APAC-SE,2023-11-01,130,197,1.515
SKU-1005,APAC-SE,2023-12-01,11,283,25.727
SKU-1005,APAC-SE,2024-01-01,77,76,0.987
SKU-1005,APAC-SE,2024-02-01,96,99,1.031
SKU-1005,APAC-SE,2024-03-01,134,134,1.0
SKU-1005,APAC-SE,2024-04-01,88,147,1.67
SKU-1005,APAC-SE,2024-05-01,87,205,2.356
SKU-1005,APAC-SE,2024-06-01,65,126,1.938
SKU-1005,APAC-SE,2024-07-01,76,102,1.342
SKU-1005,APAC-SE,2024-08-01,244,71,0.291
SKU-1005,APAC-SE,2024-09-01,277,165,0.596
SKU-1005,APAC-SE,2024-10-01,305,124,0.407
SKU-1005,APAC-SE,2024-11-01,203,304,1.498
SKU-1005,APAC-SE,2024-12-01,87,202,2.322
SKU-1005,APAC-SE,2025-01-01,132,99,0.75
SKU-1005,APAC-SE,2025-02-01,152,190,1.25
SKU-1005,APAC-SE,2025-03-01,196,179,0.913
SKU-1005,APAC-SE,2025-04-01,270,148,0.548
SKU-1005,APAC-SE,2025-05-01,252,191,0.758
SKU-1005,APAC-SE,2025-06-01,199,228,1.146
SKU-1005,APAC-SE,2025-07-01,210,78,0.371
SKU-1005,APAC-SE,2025-08-01,151,143,0.947
SKU-1005,APAC-SE,2025-09-01,134,212,1.582
SKU-1005,APAC-SE,2025-10-01,185,170,0.919
SKU-1005,APAC-SE,2025-11-01,120,239,1.992
SKU-1005,APAC-SE,2025-12-01,91,149,1.637
SKU-1005,EU-CENTRAL,2023-01-01,294,135,0.459
SKU-1005,EU-CENTRAL,2023-02-01,304,174,0.572
SKU-1005,EU-CENTRAL,2023-03-01,163,234,1.436
SKU-1005,EU-CENTRAL,2023-04-01,37,229,6.189
SKU-1005,EU-CENTRAL,2023-05-01,83,135,1.627
SKU-1005,EU-CENTRAL,2023-06-01,154,142,0.922
SKU-1005,EU-CENTRAL,2023-07-01,21,236,11.238
SKU-1005,EU-CENTRAL,2023-08-01,44,229,5.205
SKU-1005,EU-CENTRAL,2023-09-01,65,113,1.738
SKU-1005,EU-CENTRAL,2023-10-01,86,148,1.721
SKU-1005,EU-CENTRAL,2023-11-01,0,262,
SKU-1005,EU-CENTRAL,2023-12-01,0,266,
SKU-1005,EU-CENTRAL,2024-01-01,0,190,
SKU-1005,EU-CENTRAL,2024-02-01,15,173,11.533
SKU-1005,EU-CENTRAL,2024-03-01,59,194,3.288
SKU-1005,EU-CENTRAL,2024-04-01,2,204,102.0
SKU-1005,EU-CENTRAL,2024-05-01,67,98,1.463
SKU-1005,EU-CENTRAL,2024-06-01,83,223,2.687
SKU-1005,EU-CENTRAL,2024-07-01,0,180,
SKU-1005,EU-CENTRAL,2024-08-01,111,144,1.297
SKU-1005,EU-CENTRAL,2024-09-01,142,171,1.204
SKU-1005,EU-CENTRAL,2024-10-01,228,100,0.439
SKU-1005,EU-CENTRAL,2024-11-01,206,257,1.248
SKU-1005,EU-CENTRAL,2024-12-01,203,126,0.621
SKU-1005,EU-CENTRAL,2025-01-01,183,236,1.29
SKU-1005,EU-CENTRAL,2025-02-01,208,87,0.418
SKU-1005,EU-CENTRAL,2025-03-01,272,151,0.555
SKU-1005,EU-CENTRAL,2025-04-01,325,187,0.575
SKU-1005,EU-CENTRAL,2025-05-01,199,237,1.191
SKU-1005,EU-CENTRAL,2025-06-01,301,109,0.362
SKU-1005,EU-CENTRAL,2025-07-01,391,83,0.212
SKU-1005,EU-CENTRAL,2025-08-01,329,236,0.717
SKU-1005,EU-CENTRAL,2025-09-01,233,225,0.966
SKU-1005,EU-CENTRAL,2025-10-01,210,152,0.724
SKU-1005,EU-CENTRAL,2025-11-01,50,286,5.72
SKU-1005,EU-CENTRAL,2025-12-01,0,228,
SKU-1005,LATAM,2023-01-01,441,156,0.354
SKU-1005,LATAM,2023-02-01,446,143,0.321
SKU-1005,LATAM,2023-03-01,528,175,0.331
SKU-1005,LATAM,2023-04-01,633,150,0.237
SKU-1005,LATAM,2023-05-01,579,227,0.392
SKU-1005,LATAM,2023-06-01,563,177,0.314
SKU-1005,LATAM,2023-07-01,599,143,0.239
SKU-1005,LATAM,2023-08-01,686,99,0.144
SKU-1005,LATAM,2023-09-01,602,212,0.352
SKU-1005,LATAM,2023-10-01,628,94,0.15
SKU-1005,LATAM,2023-11-01,710,101,0.142
SKU-1005,LATAM,2023-12-01,695,209,0.301
SKU-1005,LATAM,2024-01-01,624,207,0.332
SKU-1005,LATAM,2024-02-01,773,102,0.132
SKU-1005,LATAM,2024-03-01,729,218,0.299
SKU-1005,LATAM,2024-04-01,626,204,0.326
SKU-1005,LATAM,2024-05-01,653,201,0.308
SKU-1005,LATAM,2024-06-01,809,100,0.124
SKU-1005,LATAM,2024-07-01,838,211,0.252
SKU-1005,LATAM,2024-08-01,960,110,0.115
SKU-1005,LATAM,2024-09-01,841,206,0.245
SKU-1005,LATAM,2024-10-01,870,175,0.201
SKU-1005,LATAM,2024-11-01,812,289,0.356
SKU-1005,LATAM,2024-12-01,826,188,0.228
SKU-1005,LATAM,2025-01-01,755,155,0.205
SKU-1005,LATAM,2025-02-01,782,159,0.203
SKU-1005,LATAM,2025-03-01,712,217,0.305
SKU-1005,LATAM,2025-04-01,625,203,0.325
SKU-1005,LATAM,2025-05-01,638,99,0.155
SKU-1005,LATAM,2025-06-01,625,133,0.213
SKU-1005,LATAM,2025-07-01,636,133,0.209
SKU-1005,LATAM,2025-08-01,567,205,0.362
SKU-1005,LATAM,2025-09-01,536,175,0.326
SKU-1005,LATAM,2025-10-01,600,125,0.208
SKU-1005,LATAM,2025-11-01,581,279,0.48
SKU-1005,LATAM,2025-12-01,576,240,0.417
SKU-1005,NA-EAST,2023-01-01,589,192,0.326
SKU-1005,NA-EAST,2023-02-01,712,70,0.098
SKU-1005,NA-EAST,2023-03-01,586,215,0.367
SKU-1005,NA-EAST,2023-04-01,696,101,0.145
SKU-1005,NA-EAST,2023-05-01,649,155,0.239
SKU-1005,NA-EAST,2023-06-01,720,158,0.219
SKU-1005,NA-EAST,2023-07-01,789,165,0.209
SKU-1005,NA-EAST,2023-08-01,815,147,0.18
SKU-1005,NA-EAST,2023-09-01,846,189,0.223
SKU-1005,NA-EAST,2023-10-01,693,239,0.345
SKU-1005,NA-EAST,2023-11-01,643,192,0.299
SKU-1005,NA-EAST,2023-12-01,627,96,0.153
SKU-1005,NA-EAST,2024-01-01,654,141,0.216
SKU-1005,NA-EAST,2024-02-01,628,135,0.215
SKU-1005,NA-EAST,2024-03-01,547,213,0.389
SKU-1005,NA-EAST,2024-04-01,478,201,0.421
SKU-1005,NA-EAST,2024-05-01,605,128,0.212
SKU-1005,NA-EAST,2024-06-01,571,137,0.24
SKU-1005,NA-EAST,2024-07-01,472,231,0.489
SKU-1005,NA-EAST,2024-08-01,399,205,0.514
SKU-1005,NA-EAST,2024-09-01,421,191,0.454
SKU-1005,NA-EAST,2024-10-01,344,218,0.634
SKU-1005,NA-EAST,2024-11-01,334,232,0.695
SKU-1005,NA-EAST,2024-12-01,444,115,0.259
SKU-1005,NA-EAST,2025-01-01,385,165,0.429
SKU-1005,NA-EAST,2025-02-01,444,158,0.356
SKU-1005,NA-EAST,2025-03-01,446,217,0.487
SKU-1005,NA-EAST,2025-04-01,381,177,0.465
SKU-1005,NA-EAST,2025-05-01,308,213,0.692
SKU-1005,NA-EAST,2025-06-01,163,225,1.38
SKU-1005,NA-EAST,2025-07-01,38,205,5.395
SKU-1005,NA-EAST,2025-08-01,83,78,0.94
SKU-1005,NA-EAST,2025-09-01,192,73,0.38
SKU-1005,NA-EAST,2025-10-01,109,166,1.523
SKU-1005,NA-EAST,2025-11-01,95,231,2.432
SKU-1005,NA-EAST,2025-12-01,211,101,0.479
SKU-1005,NA-WEST,2023-01-01,873,153,0.175
SKU-1005,NA-WEST,2023-02-01,883,220,0.249
SKU-1005,NA-WEST,2023-03-01,782,234,0.299
SKU-1005,NA-WEST,2023-04-01,857,117,0.137
SKU-1005,NA-WEST,2023-05-01,821,157,0.191
SKU-1005,NA-WEST,2023-06-01,809,163,0.201
SKU-1005,NA-WEST,2023-07-01,860,189,0.22
SKU-1005,NA-WEST,2023-08-01,740,214,0.289
SKU-1005,NA-WEST,2023-09-01,788,193,0.245
SKU-1005,NA-WEST,2023-10-01,799,211,0.264
SKU-1005,NA-WEST,2023-11-01,628,302,0.481
SKU-1005,NA-WEST,2023-12-01,581,300,0.516
SKU-1005,NA-WEST,2024-01-01,589,115,0.195
SKU-1005,NA-WEST,2024-02-01,622,171,0.275
SKU-1005,NA-WEST,2024-03-01,639,178,0.279
SKU-1005,NA-WEST,2024-04-01,698,168,0.241
SKU-1005,NA-WEST,2024-05-01,702,214,0.305
SKU-1005,NA-WEST,2024-06-01,716,152,0.212
SKU-1005,NA-WEST,2024-07-01,585,218,0.373
SKU-1005,NA-WEST,2024-08-01,479,237,0.495
SKU-1005,NA-WEST,2024-09-01,440,224,0.509
SKU-1005,NA-WEST,2024-10-01,564,116,0.206
SKU-1005,NA-WEST,2024-11-01,627,131,0.209
SKU-1005,NA-WEST,2024-12-01,594,130,0.219
SKU-1005,NA-WEST,2025-01-01,498,202,0.406
SKU-1005,NA-WEST,2025-02-01,473,131,0.277
SKU-1005,NA-WEST,2025-03-01,498,178,0.357
SKU-1005,NA-WEST,2025-04-01,454,198,0.436
SKU-1005,NA-WEST,2025-05-01,509,101,0.198
SKU-1005,NA-WEST,2025-06-01,623,130,0.209
SKU-1005,NA-WEST,2025-07-01,674,146,0.217
SKU-1005,NA-WEST,2025-08-01,674,121,0.18
SKU-1005,NA-WEST,2025-09-01,649,211,0.325
SKU-1005,NA-WEST,2025-10-01,685,106,0.155
SKU-1005,NA-WEST,2025-11-01,812,118,0.145
SKU-1005,NA-WEST,2025-12-01,863,127,0.147
SKU-1006,APAC-SE,2023-01-01,655,169,0.258
SKU-1006,APAC-SE,2023-02-01,561,240,0.428
SKU-1006,APAC-SE,2023-03-01,598,170,0.284
SKU-1006,APAC-SE,2023-04-01,742,81,0.109
SKU-1006,APAC-SE,2023-05-01,770,139,0.181
SKU-1006,APAC-SE,2023-06-01,789,148,0.188
SKU-1006,APAC-SE,2023-07-01,825,118,0.143
SKU-1006,APAC-SE,2023-08-01,715,240,0.336
SKU-1006,APAC-SE,2023-09-01,613,224,0.365
SKU-1006,APAC-SE,2023-10-01,724,93,0.128
SKU-1006,APAC-SE,2023-11-01,718,206,0.287
SKU-1006,APAC-SE,2023-12-01,658,209,0.318
SKU-1006,APAC-SE,2024-01-01,691,133,0.192
SKU-1006,APAC-SE,2024-02-01,551,221,0.401
SKU-1006,APAC-SE,2024-03-01,604,140,0.232
SKU-1006,APAC-SE,2024-04-01,523,228,0.436
SKU-1006,APAC-SE,2024-05-01,485,152,0.313
SKU-1006,APAC-SE,2024-06-01,490,91,0.186
SKU-1006,APAC-SE,2024-07-01,532,183,0.344
SKU-1006,APAC-SE,2024-08-01,491,125,0.255
SKU-1006,APAC-SE,2024-09-01,342,240,0.702
SKU-1006,APAC-SE,2024-10-01,339,93,0.274
SKU-1006,APAC-SE,2024-11-01,279,261,0.935
SKU-1006,APAC-SE,2024-12-01,253,192,0.759
SKU-1006,APAC-SE,2025-01-01,212,224,1.057
SKU-1006,APAC-SE,2025-02-01,191,225,1.178
SKU-1006,APAC-SE,2025-03-01,185,117,0.632
SKU-1006,APAC-SE,2025-04-01,194,196,1.01
SKU-1006,APAC-SE,2025-05-01,303,111,0.366
SKU-1006,APAC-SE,2025-06-01,307,153,0.498
SKU-1006,APAC-SE,2025-07-01,357,192,0.538
SKU-1006,APAC-SE,2025-08-01,406,82,0.202
SKU-1006,APAC-SE,2025-09-01,383,176,0.46
SKU-1006,APAC-SE,2025-10-01,291,200,0.687
SKU-1006,APAC-SE,2025-11-01,229,200,0.873
SKU-1006,APAC-SE,2025-12-01,253,96,0.379
SKU-1006,EU-CENTRAL,2023-01-01,745,212,0.285
SKU-1006,EU-CENTRAL,2023-02-01,683,162,0.237
SKU-1006,EU-CENTRAL,2023-03-01,786,78,0.099
SKU-1006,EU-CENTRAL,2023-04-01,846,95,0.112
SKU-1006,EU-CENTRAL,2023-05-01,740,189,0.255
SKU-1006,EU-CENTRAL,2023-06-01,867,107,0.123
SKU-1006,EU-CENTRAL,2023-07-01,1024,79,0.077
SKU-1006,EU-CENTRAL,2023-08-01,1113,155,0.139
SKU-1006,EU-CENTRAL,2023-09-01,1102,129,0.117
SKU-1006,EU-CENTRAL,2023-10-01,1071,202,0.189
SKU-1006,EU-CENTRAL,2023-11-01,1062,169,0.159
SKU-1006,EU-CENTRAL,2023-12-01,1004,152,0.151
SKU-1006,EU-CENTRAL,2024-01-01,981,218,0.222
SKU-1006,EU-CENTRAL,2024-02-01,951,191,0.201
SKU-1006,EU-CENTRAL,2024-03-01,1070,139,0.13
SKU-1006,EU-CENTRAL,2024-04-01,1188,128,0.108
SKU-1006,EU-CENTRAL,2024-05-01,1211,141,0.116
SKU-1006,EU-CENTRAL,2024-06-01,1250,171,0.137
SKU-1006,EU-CENTRAL,2024-07-01,1338,107,0.08
SKU-1006,EU-CENTRAL,2024-08-01,1420,98,0.069
SKU-1006,EU-CENTRAL,2024-09-01,1527,122,0.08
SKU-1006,EU-CENTRAL,2024-10-01,1565,149,0.095
SKU-1006,EU-CENTRAL,2024-11-01,1458,234,0.16
SKU-1006,EU-CENTRAL,2024-12-01,1589,91,0.057
SKU-1006,EU-CENTRAL,2025-01-01,1635,214,0.131
SKU-1006,EU-CENTRAL,2025-02-01,1515,206,0.136
SKU-1006,EU-CENTRAL,2025-03-01,1509,233,0.154
SKU-1006,EU-CENTRAL,2025-04-01,1611,71,0.044
SKU-1006,EU-CENTRAL,2025-05-01,1548,198,0.128
SKU-1006,EU-CENTRAL,2025-06-01,1533,129,0.084
SKU-1006,EU-CENTRAL,2025-07-01,1612,153,0.095
SKU-1006,EU-CENTRAL,2025-08-01,1601,109,0.068
SKU-1006,EU-CENTRAL,2025-09-01,1775,77,0.043
SKU-1006,EU-CENTRAL,2025-10-01,1882,146,0.078
SKU-1006,EU-CENTRAL,2025-11-01,1705,286,0.168
SKU-1006,EU-CENTRAL,2025-12-01,1531,254,0.166
SKU-1006,LATAM,2023-01-01,512,77,0.15
SKU-1006,LATAM,2023-02-01,583,121,0.208
SKU-1006,LATAM,2023-03-01,562,179,0.319
SKU-1006,LATAM,2023-04-01,562,113,0.201
SKU-1006,LATAM,2023-05-01,464,188,0.405
SKU-1006,LATAM,2023-06-01,557,129,0.232
SKU-1006,LATAM,2023-07-01,633,83,0.131
SKU-1006,LATAM,2023-08-01,609,196,0.322
SKU-1006,LATAM,2023-09-01,707,123,0.174
SKU-1006,LATAM,2023-10-01,617,186,0.301
SKU-1006,LATAM,2023-11-01,590,149,0.253
SKU-1006,LATAM,2023-12-01,650,131,0.202
SKU-1006,LATAM,2024-01-01,747,133,0.178
SKU-1006,LATAM,2024-02-01,847,132,0.156
SKU-1006,LATAM,2024-03-01,928,154,0.166
SKU-1006,LATAM,2024-04-01,850,236,0.278
SKU-1006,LATAM,2024-05-01,898,93,0.104
SKU-1006,LATAM,2024-06-01,840,206,0.245
SKU-1006,LATAM,2024-07-01,847,225,0.266
SKU-1006,LATAM,2024-08-01,903,121,0.134
SKU-1006,LATAM,2024-09-01,999,132,0.132
SKU-1006,LATAM,2024-10-01,1069,113,0.106
SKU-1006,LATAM,2024-11-01,1147,175,0.153
SKU-1006,LATAM,2024-12-01,1193,182,0.153
SKU-1006,LATAM,2025-01-01,1349,77,0.057
SKU-1006,LATAM,2025-02-01,1409,182,0.129
SKU-1006,LATAM,2025-03-01,1421,205,0.144
SKU-1006,LATAM,2025-04-01,1473,186,0.126
SKU-1006,LATAM,2025-05-01,1409,167,0.119
SKU-1006,LATAM,2025-06-01,1499,76,0.051
SKU-1006,LATAM,2025-07-01,1492,183,0.123
SKU-1006,LATAM,2025-08-01,1611,130,0.081
SKU-1006,LATAM,2025-09-01,1556,215,0.138
SKU-1006,LATAM,2025-10-01,1600,103,0.064
SKU-1006,LATAM,2025-11-01,1370,310,0.226
SKU-1006,LATAM,2025-12-01,1348,161,0.119
SKU-1006,NA-EAST,2023-01-01,526,115,0.219
SKU-1006,NA-EAST,2023-02-01,381,229,0.601
SKU-1006,NA-EAST,2023-03-01,370,194,0.524
SKU-1006,NA-EAST,2023-04-01,342,154,0.45
SKU-1006,NA-EAST,2023-05-01,423,71,0.168
SKU-1006,NA-EAST,2023-06-01,310,203,0.655
SKU-1006,NA-EAST,2023-07-01,240,172,0.717
SKU-1006,NA-EAST,2023-08-01,311,172,0.553
SKU-1006,NA-EAST,2023-09-01,394,83,0.211
SKU-1006,NA-EAST,2023-10-01,451,191,0.424
SKU-1006,NA-EAST,2023-11-01,358,283,0.791
SKU-1006,NA-EAST,2023-12-01,481,91,0.189
SKU-1006,NA-EAST,2024-01-01,510,174,0.341
SKU-1006,NA-EAST,2024-02-01,411,185,0.45
SKU-1006,NA-EAST,2024-03-01,402,204,0.507
SKU-1006,NA-EAST,2024-04-01,449,111,0.247
SKU-1006,NA-EAST,2024-05-01,442,205,0.464
SKU-1006,NA-EAST,2024-06-01,484,168,0.347
SKU-1006,NA-EAST,2024-07-01,607,102,0.168
SKU-1006,NA-EAST,2024-08-01,780,82,0.105
SKU-1006,NA-EAST,2024-09-01,728,236,0.324
SKU-1006,NA-EAST,2024-10-01,769,194,0.252
SKU-1006,NA-EAST,2024-11-01,879,127,0.144
SKU-1006,NA-EAST,2024-12-01,938,184,0.196
SKU-1006,NA-EAST,2025-01-01,996,165,0.166
SKU-1006,NA-EAST,2025-02-01,1060,133,0.125
SKU-1006,NA-EAST,2025-03-01,1070,213,0.199
SKU-1006,NA-EAST,2025-04-01,1131,95,0.084
SKU-1006,NA-EAST,2025-05-01,1179,107,0.091
SKU-1006,NA-EAST,2025-06-01,1141,119,0.104
SKU-1006,NA-EAST,2025-07-01,1029,237,0.23
SKU-1006,NA-EAST,2025-08-01,944,172,0.182
SKU-1006,NA-EAST,2025-09-01,863,227,0.263
SKU-1006,NA-EAST,2025-10-01,863,154,0.178
SKU-1006,NA-EAST,2025-11-01,816,206,0.252
SKU-1006,NA-EAST,2025-12-01,780,123,0.158
SKU-1006,NA-WEST,2023-01-01,718,74,0.103
SKU-1006,NA-WEST,2023-02-01,851,78,0.092
SKU-1006,NA-WEST,2023-03-01,923,98,0.106
SKU-1006,NA-WEST,2023-04-01,891,122,0.137
SKU-1006,NA-WEST,2023-05-01,930,157,0.169
SKU-1006,NA-WEST,2023-06-01,910,218,0.24
SKU-1006,NA-WEST,2023-07-01,887,133,0.15
SKU-1006,NA-WEST,2023-08-01,928,123,0.133
SKU-1006,NA-WEST,2023-09-01,997,96,0.096
SKU-1006,NA-WEST,2023-10-01,1001,179,0.179
SKU-1006,NA-WEST,2023-11-01,869,247,0.284
SKU-1006,NA-WEST,2023-12-01,951,93,0.098
SKU-1006,NA-WEST,2024-01-01,1001,153,0.153
SKU-1006,NA-WEST,2024-02-01,1115,127,0.114
SKU-1006,NA-WEST,2024-03-01,1172,159,0.136
SKU-1006,NA-WEST,2024-04-01,1180,218,0.185
SKU-1006,NA-WEST,2024-05-01,1204,130,0.108
SKU-1006,NA-WEST,2024-06-01,1155,130,0.113
SKU-1006,NA-WEST,2024-07-01,1121,215,0.192
SKU-1006,NA-WEST,2024-08-01,1255,80,0.064
SKU-1006,NA-WEST,2024-09-01,1213,186,0.153
SKU-1006,NA-WEST,2024-10-01,1127,237,0.21
SKU-1006,NA-WEST,2024-11-01,1108,128,0.116
SKU-1006,NA-WEST,2024-12-01,932,293,0.314
SKU-1006,NA-WEST,2025-01-01,864,159,0.184
SKU-1006,NA-WEST,2025-02-01,839,146,0.174
SKU-1006,NA-WEST,2025-03-01,750,215,0.287
SKU-1006,NA-WEST,2025-04-01,705,235,0.333
SKU-1006,NA-WEST,2025-05-01,736,174,0.236
SKU-1006,NA-WEST,2025-06-01,835,107,0.128
SKU-1006,NA-WEST,2025-07-01,909,125,0.138
SKU-1006,NA-WEST,2025-08-01,883,126,0.143
SKU-1006,NA-WEST,2025-09-01,950,121,0.127
SKU-1006,NA-WEST,2025-10-01,947,182,0.192
SKU-1006,NA-WEST,2025-11-01,836,250,0.299
SKU-1006,NA-WEST,2025-12-01,758,312,0.412
SKU-1007,APAC-SE,2023-01-01,514,179,0.348
SKU-1007,APAC-SE,2023-02-01,461,149,0.323
SKU-1007,APAC-SE,2023-03-01,589,117,0.199
SKU-1007,APAC-SE,2023-04-01,532,239,0.449
SKU-1007,APAC-SE,2023-05-01,601,139,0.231
SKU-1007,APAC-SE,2023-06-01,678,158,0.233
SKU-1007,APAC-SE,2023-07-01,714,80,0.112
SKU-1007,APAC-SE,2023-08-01,609,209,0.343
SKU-1007,APAC-SE,2023-09-01,621,133,0.214
SKU-1007,APAC-SE,2023-10-01,674,123,0.182
SKU-1007,APAC-SE,2023-11-01,623,256,0.411
SKU-1007,APAC-SE,2023-12-01,604,118,0.195
SKU-1007,APAC-SE,2024-01-01,663,124,0.187
SKU-1007,APAC-SE,2024-02-01,690,73,0.106
SKU-1007,APAC-SE,2024-03-01,741,195,0.263
SKU-1007,APAC-SE,2024-04-01,820,150,0.183
SKU-1007,APAC-SE,2024-05-01,788,171,0.217
SKU-1007,APAC-SE,2024-06-01,805,120,0.149
SKU-1007,APAC-SE,2024-07-01,855,113,0.132
SKU-1007,APAC-SE,2024-08-01,819,176,0.215
SKU-1007,APAC-SE,2024-09-01,905,91,0.101
SKU-1007,APAC-SE,2024-10-01,945,96,0.102
SKU-1007,APAC-SE,2024-11-01,772,308,0.399
SKU-1007,APAC-SE,2024-12-01,621,312,0.502
SKU-1007,APAC-SE,2025-01-01,708,76,0.107
SKU-1007,APAC-SE,2025-02-01,748,80,0.107
SKU-1007,APAC-SE,2025-03-01,803,117,0.146
SKU-1007,APAC-SE,2025-04-01,701,208,0.297
SKU-1007,APAC-SE,2025-05-01,761,170,0.223
SKU-1007,APAC-SE,2025-06-01,819,114,0.139
SKU-1007,APAC-SE,2025-07-01,823,188,0.228
SKU-1007,APAC-SE,2025-08-01,967,104,0.108
SKU-1007,APAC-SE,2025-09-01,903,217,0.24
SKU-1007,APAC-SE,2025-10-01,879,159,0.181
SKU-1007,APAC-SE,2025-11-01,857,117,0.137
SKU-1007,APAC-SE,2025-12-01,775,218,0.281
SKU-1007,EU-CENTRAL,2023-01-01,459,84,0.183
SKU-1007,EU-CENTRAL,2023-02-01,426,209,0.491
SKU-1007,EU-CENTRAL,2023-03-01,349,227,0.65
SKU-1007,EU-CENTRAL,2023-04-01,347,233,0.671
SKU-1007,EU-CENTRAL,2023-05-01,336,120,0.357
SKU-1007,EU-CENTRAL,2023-06-01,382,88,0.23
SKU-1007,EU-CENTRAL,2023-07-01,410,198,0.483
SKU-1007,EU-CENTRAL,2023-08-01,389,174,0.447
SKU-1007,EU-CENTRAL,2023-09-01,485,135,0.278
SKU-1007,EU-CENTRAL,2023-10-01,578,74,0.128
SKU-1007,EU-CENTRAL,2023-11-01,602,161,0.267
SKU-1007,EU-CENTRAL,2023-12-01,664,189,0.285
SKU-1007,EU-CENTRAL,2024-01-01,696,96,0.138
SKU-1007,EU-CENTRAL,2024-02-01,778,111,0.143
SKU-1007,EU-CENTRAL,2024-03-01,735,227,0.309
SKU-1007,EU-CENTRAL,2024-04-01,841,124,0.147
SKU-1007,EU-CENTRAL,2024-05-01,918,112,0.122
SKU-1007,EU-CENTRAL,2024-06-01,820,191,0.233
SKU-1007,EU-CENTRAL,2024-07-01,950,86,0.091
SKU-1007,EU-CENTRAL,2024-08-01,1034,173,0.167
SKU-1007,EU-CENTRAL,2024-09-01,1140,79,0.069
SKU-1007,EU-CENTRAL,2024-10-01,1192,154,0.129
SKU-1007,EU-CENTRAL,2024-11-01,1054,241,0.229
SKU-1007,EU-CENTRAL,2024-12-01,1101,166,0.151
SKU-1007,EU-CENTRAL,2025-01-01,1105,195,0.176
SKU-1007,EU-CENTRAL,2025-02-01,1021,236,0.231
SKU-1007,EU-CENTRAL,2025-03-01,946,174,0.184
SKU-1007,EU-CENTRAL,2025-04-01,861,169,0.196
SKU-1007,EU-CENTRAL,2025-05-01,874,201,0.23
SKU-1007,EU-CENTRAL,2025-06-01,943,176,0.187
SKU-1007,EU-CENTRAL,2025-07-01,913,151,0.165
SKU-1007,EU-CENTRAL,2025-08-01,849,233,0.274
SKU-1007,EU-CENTRAL,2025-09-01,897,176,0.196
SKU-1007,EU-CENTRAL,2025-10-01,871,186,0.214
SKU-1007,EU-CENTRAL,2025-11-01,1011,104,0.103
SKU-1007,EU-CENTRAL,2025-12-01,993,217,0.219
SKU-1007,LATAM,2023-01-01,864,78,0.09
SKU-1007,LATAM,2023-02-01,850,98,0.115
SKU-1007,LATAM,2023-03-01,952,86,0.09
SKU-1007,LATAM,2023-04-01,953,217,0.228
SKU-1007,LATAM,2023-05-01,1050,96,0.091
SKU-1007,LATAM,2023-06-01,1081,142,0.131
SKU-1007,LATAM,2023-07-01,1078,109,0.101
SKU-1007,LATAM,2023-08-01,1158,136,0.117
SKU-1007,LATAM,2023-09-01,1205,113,0.094
SKU-1007,LATAM,2023-10-01,1076,219,0.204
SKU-1007,LATAM,2023-11-01,1058,178,0.168
SKU-1007,LATAM,2023-12-01,1100,110,0.1
SKU-1007,LATAM,2024-01-01,1174,85,0.072
SKU-1007,LATAM,2024-02-01,1319,113,0.086
SKU-1007,LATAM,2024-03-01,1369,111,0.081
SKU-1007,LATAM,2024-04-01,1377,197,0.143
SKU-1007,LATAM,2024-05-01,1385,207,0.149
SKU-1007,LATAM,2024-06-01,1468,142,0.097
SKU-1007,LATAM,2024-07-01,1460,234,0.16
SKU-1007,LATAM,2024-08-01,1564,85,0.054
SKU-1007,LATAM,2024-09-01,1609,125,0.078
SKU-1007,LATAM,2024-10-01,1607,143,0.089
SKU-1007,LATAM,2024-11-01,1610,169,0.105
SKU-1007,LATAM,2024-12-01,1747,97,0.056
SKU-1007,LATAM,2025-01-01,1637,205,0.125
SKU-1007,LATAM,2025-02-01,1646,108,0.066
SKU-1007,LATAM,2025-03-01,1617,199,0.123
SKU-1007,LATAM,2025-04-01,1767,89,0.05
SKU-1007,LATAM,2025-05-01,1719,158,0.092
SKU-1007,LATAM,2025-06-01,1676,128,0.076
SKU-1007,LATAM,2025-07-01,1712,149,0.087
SKU-1007,LATAM,2025-08-01,1785,85,0.048
SKU-1007,LATAM,2025-09-01,1849,159,0.086
SKU-1007,LATAM,2025-10-01,1972,130,0.066
SKU-1007,LATAM,2025-11-01,1978,106,0.054
SKU-1007,LATAM,2025-12-01,1928,224,0.116
SKU-1007,NA-EAST,2023-01-01,830,136,0.164
SKU-1007,NA-EAST,2023-02-01,814,105,0.129
SKU-1007,NA-EAST,2023-03-01,846,135,0.16
SKU-1007,NA-EAST,2023-04-01,868,142,0.164
SKU-1007,NA-EAST,2023-05-01,761,225,0.296
SKU-1007,NA-EAST,2023-06-01,817,163,0.2
SKU-1007,NA-EAST,2023-07-01,910,104,0.114
SKU-1007,NA-EAST,2023-08-01,1018,144,0.141
SKU-1007,NA-EAST,2023-09-01,1126,88,0.078
SKU-1007,NA-EAST,2023-10-01,1217,74,0.061
SKU-1007,NA-EAST,2023-11-01,1048,283,0.27
SKU-1007,NA-EAST,2023-12-01,995,252,0.253
SKU-1007,NA-EAST,2024-01-01,945,217,0.23
SKU-1007,NA-EAST,2024-02-01,935,187,0.2
SKU-1007,NA-EAST,2024-03-01,980,74,0.076
SKU-1007,NA-EAST,2024-04-01,1058,180,0.17
SKU-1007,NA-EAST,2024-05-01,1152,126,0.109
SKU-1007,NA-EAST,2024-06-01,1163,133,0.114
SKU-1007,NA-EAST,2024-07-01,1211,142,0.117
SKU-1007,NA-EAST,2024-08-01,1367,82,0.06
SKU-1007,NA-EAST,2024-09-01,1379,235,0.17
SKU-1007,NA-EAST,2024-10-01,1479,97,0.066
SKU-1007,NA-EAST,2024-11-01,1376,198,0.144
SKU-1007,NA-EAST,2024-12-01,1417,109,0.077
SKU-1007,NA-EAST,2025-01-01,1442,153,0.106
SKU-1007,NA-EAST,2025-02-01,1556,102,0.066
SKU-1007,NA-EAST,2025-03-01,1535,205,0.134
SKU-1007,NA-EAST,2025-04-01,1557,71,0.046
SKU-1007,NA-EAST,2025-05-01,1651,101,0.061
SKU-1007,NA-EAST,2025-06-01,1654,154,0.093
SKU-1007,NA-EAST,2025-07-01,1771,91,0.051
SKU-1007,NA-EAST,2025-08-01,1733,199,0.115
SKU-1007,NA-EAST,2025-09-01,1675,237,0.141
SKU-1007,NA-EAST,2025-10-01,1739,139,0.08
SKU-1007,NA-EAST,2025-11-01,1617,267,0.165
SKU-1007,NA-EAST,2025-12-01,1727,124,0.072
SKU-1007,NA-WEST,2023-01-01,382,172,0.45
SKU-1007,NA-WEST,2023-02-01,300,177,0.59
SKU-1007,NA-WEST,2023-03-01,195,211,1.082
SKU-1007,NA-WEST,2023-04-01,240,155,0.646
SKU-1007,NA-WEST,2023-05-01,224,220,0.982
SKU-1007,NA-WEST,2023-06-01,222,134,0.604
SKU-1007,NA-WEST,2023-07-01,278,78,0.281
SKU-1007,NA-WEST,2023-08-01,262,193,0.737
SKU-1007,NA-WEST,2023-09-01,316,85,0.269
SKU-1007,NA-WEST,2023-10-01,348,129,0.371
SKU-1007,NA-WEST,2023-11-01,330,217,0.658
SKU-1007,NA-WEST,2023-12-01,190,234,1.232
SKU-1007,NA-WEST,2024-01-01,161,172,1.068
SKU-1007,NA-WEST,2024-02-01,190,202,1.063
SKU-1007,NA-WEST,2024-03-01,155,167,1.077
SKU-1007,NA-WEST,2024-04-01,54,237,4.389
SKU-1007,NA-WEST,2024-05-01,44,150,3.409
SKU-1007,NA-WEST,2024-06-01,146,122,0.836
SKU-1007,NA-WEST,2024-07-01,159,200,1.258
SKU-1007,NA-WEST,2024-08-01,193,206,1.067
SKU-1007,NA-WEST,2024-09-01,132,240,1.818
SKU-1007,NA-WEST,2024-10-01,122,193,1.582
SKU-1007,NA-WEST,2024-11-01,205,149,0.727
SKU-1007,NA-WEST,2024-12-01,127,158,1.244
SKU-1007,NA-WEST,2025-01-01,81,236,2.914
SKU-1007,NA-WEST,2025-02-01,90,117,1.3
SKU-1007,NA-WEST,2025-03-01,157,183,1.166
SKU-1007,NA-WEST,2025-04-01,165,189,1.145
SKU-1007,NA-WEST,2025-05-01,138,160,1.159
SKU-1007,NA-WEST,2025-06-01,68,151,2.221
SKU-1007,NA-WEST,2025-07-01,0,184,
SKU-1007,NA-WEST,2025-08-01,0,169,
SKU-1007,NA-WEST,2025-09-01,173,85,0.491
SKU-1007,NA-WEST,2025-10-01,285,115,0.404
SKU-1007,NA-WEST,2025-11-01,256,185,0.723
SKU-1007,NA-WEST,2025-12-01,275,210,0.764
SKU-1008,APAC-SE,2023-01-01,0,0,
SKU-1008,APAC-SE,2023-02-01,0,0,
SKU-1008,APAC-SE,2023-03-01,0,0,
SKU-1008,APAC-SE,2023-04-01,0,0,
SKU-1008,APAC-SE,2023-05-01,0,0,
SKU-1008,APAC-SE,2023-06-01,0,0,
SKU-1008,APAC-SE,2023-07-01,0,0,
SKU-1008,APAC-SE,2023-08-01,0,0,
SKU-1008,APAC-SE,2023-09-01,0,0,
SKU-1008,APAC-SE,2023-10-01,0,0,
SKU-1008,APAC-SE,2023-11-01,0,0,
SKU-1008,APAC-SE,2023-12-01,0,0,
SKU-1008,APAC-SE,2024-01-01,0,0,
SKU-1008,APAC-SE,2024-02-01,0,0,
SKU-1008,APAC-SE,2024-03-01,0,0,
SKU-1008,APAC-SE,2024-04-01,0,0,
SKU-1008,APAC-SE,2024-05-01,0,0,
SKU-1008,APAC-SE,2024-06-01,0,0,
SKU-1008,APAC-SE,2024-07-01,0,0,
SKU-1008,APAC-SE,2024-08-01,0,0,
SKU-1008,APAC-SE,2024-09-01,0,0,
SKU-1008,APAC-SE,2024-10-01,0,0,
SKU-1008,APAC-SE,2024-11-01,0,0,
SKU-1008,APAC-SE,2024-12-01,0,0,
SKU-1008,APAC-SE,2025-01-01,0,0,
SKU-1008,APAC-SE,2025-02-01,0,0,
SKU-1008,APAC-SE,2025-03-01,0,0,
SKU-1008,APAC-SE,2025-04-01,0,0,
SKU-1008,APAC-SE,2025-05-01,0,0,
SKU-1008,APAC-SE,2025-06-01,0,0,
SKU-1008,APAC-SE,2025-07-01,0,0,
SKU-1008,APAC-SE,2025-08-01,0,0,
SKU-1008,APAC-SE,2025-09-01,0,0,
SKU-1008,APAC-SE,2025-10-01,0,0,
SKU-1008,APAC-SE,2025-11-01,0,0,
SKU-1008,APAC-SE,2025-12-01,0,0,
SKU-1008,EU-CENTRAL,2023-01-01,0,0,
SKU-1008,EU-CENTRAL,2023-02-01,0,0,
SKU-1008,EU-CENTRAL,2023-03-01,0,0,
SKU-1008,EU-CENTRAL,2023-04-01,0,0,
SKU-1008,EU-CENTRAL,2023-05-01,0,0,
SKU-1008,EU-CENTRAL,2023-06-01,0,0,
SKU-1008,EU-CENTRAL,2023-07-01,0,0,
SKU-1008,EU-CENTRAL,2023-08-01,0,0,
SKU-1008,EU-CENTRAL,2023-09-01,0,0,
SKU-1008,EU-CENTRAL,2023-10-01,0,0,
SKU-1008,EU-CENTRAL,2023-11-01,0,0,
SKU-1008,EU-CENTRAL,2023-12-01,0,0,
SKU-1008,EU-CENTRAL,2024-01-01,0,0,
SKU-1008,EU-CENTRAL,2024-02-01,0,0,
SKU-1008,EU-CENTRAL,2024-03-01,0,0,
SKU-1008,EU-CENTRAL,2024-04-01,0,0,
SKU-1008,EU-CENTRAL,2024-05-01,0,0,
SKU-1008,EU-CENTRAL,2024-06-01,0,0,
SKU-1008,EU-CENTRAL,2024-07-01,0,0,
SKU-1008,EU-CENTRAL,2024-08-01,0,0,
SKU-1008,EU-CENTRAL,2024-09-01,0,0,
SKU-1008,EU-CENTRAL,2024-10-01,0,0,
SKU-1008,EU-CENTRAL,2024-11-01,0,0,
SKU-1008,EU-CENTRAL,2024-12-01,0,0,
SKU-1008,EU-CENTRAL,2025-01-01,0,0,
SKU-1008,EU-CENTRAL,2025-02-01,0,0,
SKU-1008,EU-CENTRAL,2025-03-01,0,0,
SKU-1008,EU-CENTRAL,2025-04-01,0,0,
SKU-1008,EU-CENTRAL,2025-05-01,0,0,
SKU-1008,EU-CENTRAL,2025-06-01,0,0,
SKU-1008,EU-CENTRAL,2025-07-01,0,0,
SKU-1008,EU-CENTRAL,2025-08-01,0,0,
SKU-1008,EU-CENTRAL,2025-09-01,0,0,
SKU-1008,EU-CENTRAL,2025-10-01,0,0,
SKU-1008,EU-CENTRAL,2025-11-01,0,0,
SKU-1008,EU-CENTRAL,2025-12-01,0,0,
SKU-1008,LATAM,2023-01-01,0,0,
SKU-1008,LATAM,2023-02-01,0,0,
SKU-1008,LATAM,2023-03-01,0,0,
SKU-1008,LATAM,2023-04-01,0,0,
SKU-1008,LATAM,2023-05-01,0,0,
SKU-1008,LATAM,2023-06-01,0,0,
SKU-1008,LATAM,2023-07-01,0,0,
SKU-1008,LATAM,2023-08-01,0,0,
SKU-1008,LATAM,2023-09-01,0,0,
SKU-1008,LATAM,2023-10-01,0,0,
SKU-1008,LATAM,2023-11-01,0,0,
SKU-1008,LATAM,2023-12-01,0,0,
SKU-1008,LATAM,2024-01-01,0,0,
SKU-1008,LATAM,2024-02-01,0,0,
SKU-1008,LATAM,2024-03-01,0,0,
SKU-1008,LATAM,2024-04-01,0,0,
SKU-1008,LATAM,2024-05-01,0,0,
SKU-1008,LATAM,2024-06-01,0,0,
SKU-1008,LATAM,2024-07-01,0,0,
SKU-1008,LATAM,2024-08-01,0,0,
SKU-1008,LATAM,2024-09-01,0,0,
SKU-1008,LATAM,2024-10-01,0,0,
SKU-1008,LATAM,2024-11-01,0,0,
SKU-1008,LATAM,2024-12-01,0,0,
SKU-1008,LATAM,2025-01-01,0,0,
SKU-1008,LATAM,2025-02-01,0,0,
SKU-1008,LATAM,2025-03-01,0,0,
SKU-1008,LATAM,2025-04-01,0,0,
SKU-1008,LATAM,2025-05-01,0,0,
SKU-1008,LATAM,2025-06-01,0,0,
SKU-1008,LATAM,2025-07-01,0,0,
SKU-1008,LATAM,2025-08-01,0,0,
SKU-1008,LATAM,2025-09-01,0,0,
SKU-1008,LATAM,2025-10-01,0,0,
SKU-1008,LATAM,2025-11-01,0,0,
SKU-1008,LATAM,2025-12-01,0,0,
SKU-1008,NA-EAST,2023-01-01,0,0,
SKU-1008,NA-EAST,2023-02-01,0,0,
SKU-1008,NA-EAST,2023-03-01,0,0,
SKU-1008,NA-EAST,2023-04-01,0,0,
SKU-1008,NA-EAST,2023-05-01,0,0,
SKU-1008,NA-EAST,2023-06-01,0,0,
SKU-1008,NA-EAST,2023-07-01,0,0,
SKU-1008,NA-EAST,2023-08-01,0,0,
SKU-1008,NA-EAST,2023-09-01,0,0,
SKU-1008,NA-EAST,2023-10-01,0,0,
SKU-1008,NA-EAST,2023-11-01,0,0,
SKU-1008,NA-EAST,2023-12-01,0,0,
SKU-1008,NA-EAST,2024-01-01,0,0,
SKU-1008,NA-EAST,2024-02-01,0,0,
SKU-1008,NA-EAST,2024-03-01,0,0,
SKU-1008,NA-EAST,2024-04-01,0,0,
SKU-1008,NA-EAST,2024-05-01,0,0,
SKU-1008,NA-EAST,2024-06-01,0,0,
SKU-1008,NA-EAST,2024-07-01,0,0,
SKU-1008,NA-EAST,2024-08-01,0,0,
SKU-1008,NA-EAST,2024-09-01,0,0,
SKU-1008,NA-EAST,2024-10-01,0,0,
SKU-1008,NA-EAST,2024-11-01,0,0,
SKU-1008,NA-EAST,2024-12-01,0,0,
SKU-1008,NA-EAST,2025-01-01,0,0,
SKU-1008,NA-EAST,2025-02-01,0,0,
SKU-1008,NA-EAST,2025-03-01,0,0,
SKU-1008,NA-EAST,2025-04-01,0,0,
SKU-1008,NA-EAST,2025-05-01,0,0,
SKU-1008,NA-EAST,2025-06-01,0,0,
SKU-1008,NA-EAST,2025-07-01,0,0,
SKU-1008,NA-EAST,2025-08-01,0,0,
SKU-1008,NA-EAST,2025-09-01,0,0,
SKU-1008,NA-EAST,2025-10-01,0,0,
SKU-1008,NA-EAST,2025-11-01,0,0,
SKU-1008,NA-EAST,2025-12-01,0,0,
SKU-1008,NA-WEST,2023-01-01,0,0,
SKU-1008,NA-WEST,2023-02-01,0,0,
SKU-1008,NA-WEST,2023-03-01,0,0,
SKU-1008,NA-WEST,2023-04-01,0,0,
SKU-1008,NA-WEST,2023-05-01,0,0,
SKU-1008,NA-WEST,2023-06-01,0,0,
SKU-1008,NA-WEST,2023-07-01,0,0,
SKU-1008,NA-WEST,2023-08-01,0,0,
SKU-1008,NA-WEST,2023-09-01,0,0,
SKU-1008,NA-WEST,2023-10-01,0,0,
SKU-1008,NA-WEST,2023-11-01,0,0,
SKU-1008,NA-WEST,2023-12-01,0,0,
SKU-1008,NA-WEST,2024-01-01,0,0,
SKU-1008,NA-WEST,2024-02-01,0,0,
SKU-1008,NA-WEST,2024-03-01,0,0,
SKU-1008,NA-WEST,2024-04-01,0,0,
SKU-1008,NA-WEST,2024-05-01,0,0,
SKU-1008,NA-WEST,2024-06-01,0,0,
SKU-1008,NA-WEST,2024-07-01,0,0,
SKU-1008,NA-WEST,2024-08-01,0,0,
SKU-1008,NA-WEST,2024-09-01,0,0,
SKU-1008,NA-WEST,2024-10-01,0,0,
SKU-1008,NA-WEST,2024-11-01,0,0,
SKU-1008,NA-WEST,2024-12-01,0,0,
SKU-1008,NA-WEST,2025-01-01,0,0,
SKU-1008,NA-WEST,2025-02-01,0,0,
SKU-1008,NA-WEST,2025-03-01,0,0,
SKU-1008,NA-WEST,2025-04-01,0,0,
SKU-1008,NA-WEST,2025-05-01,0,0,
SKU-1008,NA-WEST,2025-06-01,0,0,
SKU-1008,NA-WEST,2025-07-01,0,0,
SKU-1008,NA-WEST,2025-08-01,0,0,
SKU-1008,NA-WEST,2025-09-01,0,0,
SKU-1008,NA-WEST,2025-10-01,0,0,
SKU-1008,NA-WEST,2025-11-01,0,0,
SKU-1008,NA-WEST,2025-12-01,0,0,
