department,region_code,month_start,hr_cost,gl_revenue,cogs,gross_margin
Customer Support,APAC-SE,2023-01-01,55013.89,28950.8,12159.33,16791.47
Customer Support,APAC-SE,2023-02-01,55519.78,30603.18,12853.34,17749.84
Customer Support,APAC-SE,2023-03-01,56144.61,35965.67,15105.58,20860.09
Customer Support,APAC-SE,2023-04-01,57849.58,34593.41,14529.23,20064.18
Customer Support,APAC-SE,2023-05-01,57244.91,35728.76,15006.08,20722.68
Customer Support,APAC-SE,2023-06-01,55965.93,35336.22,14841.21,20495.01
Customer Support,APAC-SE,2023-07-01,57378.33,34793.08,14613.09,20179.99
Customer Support,APAC-SE,2023-08-01,57584.46,37214.46,15630.07,21584.39
Customer Support,APAC-SE,2023-09-01,56370.78,37230.4,15636.77,21593.63
Customer Support,APAC-SE,2023-10-01,57643.58,38840.99,16313.21,22527.78
Customer Support,APAC-SE,2023-11-01,58105.59,46376.22,19478.01,26898.21
Customer Support,APAC-SE,2023-12-01,56930.83,42164.73,17709.19,24455.54
Customer Support,APAC-SE,2024-01-01,57542.77,31970.78,13427.73,18543.05
Customer Support,APAC-SE,2024-02-01,59217.0,31645.95,13291.3,18354.65
Customer Support,APAC-SE,2024-03-01,57472.33,37435.86,15723.06,21712.8
Customer Support,APAC-SE,2024-04-01,58477.34,38077.0,15992.34,22084.66
Customer Support,APAC-SE,2024-05-01,59565.58,38850.97,16317.41,22533.56
Customer Support,APAC-SE,2024-06-01,59464.35,37250.58,15645.25,21605.33
Customer Support,APAC-SE,2024-07-01,58192.49,39041.11,16397.27,22643.84
Customer Support,APAC-SE,2024-08-01,58416.8,38106.62,16004.78,22101.84
Customer Support,APAC-SE,2024-09-01,59033.89,39023.26,16389.77,22633.49
Customer Support,APAC-SE,2024-10-01,59816.51,37962.68,15944.32,22018.36
Customer Support,APAC-SE,2024-11-01,58858.13,45547.72,19130.04,26417.68
Customer Support,APAC-SE,2024-12-01,59866.25,44019.01,18487.98,25531.03
Customer Support,APAC-SE,2025-01-01,59018.26,33217.17,13951.21,19265.96
Customer Support,APAC-SE,2025-02-01,58921.63,33938.25,14254.06,19684.19
Customer Support,APAC-SE,2025-03-01,60706.32,41530.97,17443.01,24087.96
Customer Support,APAC-SE,2025-04-01,59614.22,39428.77,16560.08,22868.69
Customer Support,APAC-SE,2025-05-01,59443.45,42533.62,17864.12,24669.5
Customer Support,APAC-SE,2025-06-01,61491.82,40871.56,17166.05,23705.51
Customer Support,APAC-SE,2025-07-01,61464.11,41845.01,17574.91,24270.1
Customer Support,APAC-SE,2025-08-01,60151.69,39859.57,16741.02,23118.55
Customer Support,APAC-SE,2025-09-01,59675.81,42888.48,18013.16,24875.32
Customer Support,APAC-SE,2025-10-01,61475.78,45449.09,19088.62,26360.47
Customer Support,APAC-SE,2025-11-01,60689.99,53721.79,22563.15,31158.64
Customer Support,APAC-SE,2025-12-01,60930.87,52215.45,21930.49,30284.96
Customer Support,EU-CENTRAL,2023-01-01,45699.2,38345.61,16105.16,22240.45
Customer Support,EU-CENTRAL,2023-02-01,44598.87,38643.47,16230.26,22413.21
Customer Support,EU-CENTRAL,2023-03-01,44368.95,45333.51,19040.07,26293.44
Customer Support,EU-CENTRAL,2023-04-01,45460.73,45578.2,19142.84,26435.36
Customer Support,EU-CENTRAL,2023-05-01,44443.17,43675.52,18343.72,25331.8
Customer Support,EU-CENTRAL,2023-06-01,45438.3,47006.74,19742.83,27263.91
Customer Support,EU-CENTRAL,2023-07-01,46475.53,50138.15,21058.02,29080.13
Customer Support,EU-CENTRAL,2023-08-01,44840.3,47121.96,19791.22,27330.74
Customer Support,EU-CENTRAL,2023-09-01,44915.91,48125.75,20212.81,27912.94
Customer Support,EU-CENTRAL,2023-10-01,45434.9,44939.33,18874.52,26064.81
Customer Support,EU-CENTRAL,2023-11-01,46209.65,52926.73,22229.23,30697.5
Customer Support,EU-CENTRAL,2023-12-01,45718.86,55049.86,23120.94,31928.92
Customer Support,EU-CENTRAL,2024-01-01,46180.44,40126.85,16853.28,23273.57
Customer Support,EU-CENTRAL,2024-02-01,45663.3,38307.18,16089.02,22218.16
Customer Support,EU-CENTRAL,2024-03-01,47108.45,50395.62,21166.16,29229.46
Customer Support,EU-CENTRAL,2024-04-01,47284.45,48340.29,20302.92,28037.37
Customer Support,EU-CENTRAL,2024-05-01,46801.79,47129.81,19794.52,27335.29
Customer Support,EU-CENTRAL,2024-06-01,47340.53,50708.02,21297.37,29410.65
Customer Support,EU-CENTRAL,2024-07-01,46718.07,47007.35,19743.09,27264.26
Customer Support,EU-CENTRAL,2024-08-01,47183.27,47694.81,20031.82,27662.99
Customer Support,EU-CENTRAL,2024-09-01,46133.82,51432.61,21601.7,29830.91
Customer Support,EU-CENTRAL,2024-10-01,46736.16,46178.15,19394.82,26783.33
Customer Support,EU-CENTRAL,2024-11-01,47325.01,60566.1,25437.76,35128.34
Customer Support,EU-CENTRAL,2024-12-01,48670.23,61414.57,25794.12,35620.45
Customer Support,EU-CENTRAL,2025-01-01,47186.34,45129.12,18954.23,26174.89
Customer Support,EU-CENTRAL,2025-02-01,48834.6,43065.77,18087.62,24978.15
Customer Support,EU-CENTRAL,2025-03-01,47585.63,52994.73,22257.79,30736.94
Customer Support,EU-CENTRAL,2025-04-01,48248.97,51335.75,21561.01,29774.74
Customer Support,EU-CENTRAL,2025-05-01,47415.51,50609.14,21255.84,29353.3
Customer Support,EU-CENTRAL,2025-06-01,48725.08,49330.36,20718.75,28611.61
Customer Support,EU-CENTRAL,2025-07-01,47641.61,49866.88,20944.09,28922.79
Customer Support,EU-CENTRAL,2025-08-01,47758.57,50952.58,21400.08,29552.5
Customer Support,EU-CENTRAL,2025-09-01,48248.87,51324.86,21556.44,29768.42
Customer Support,EU-CENTRAL,2025-10-01,49256.1,53757.45,22578.13,31179.32
Customer Support,EU-CENTRAL,2025-11-01,47710.72,62745.14,26352.96,36392.18
Customer Support,EU-CENTRAL,2025-12-01,48898.17,65388.75,27463.28,37925.47
Customer Support,LATAM,2023-01-01,80181.9,29610.05,12436.22,17173.83
Customer Support,LATAM,2023-02-01,77645.25,28818.9,12103.94,16714.96
Customer Support,LATAM,2023-03-01,77380.07,34699.29,14573.7,20125.59
Customer Support,LATAM,2023-04-01,80388.52,36300.25,15246.11,21054.14
Customer Support,LATAM,2023-05-01,79199.22,34112.22,14327.13,19785.09
Customer Support,LATAM,2023-06-01,81429.89,36326.3,15257.05,21069.25
Customer Support,LATAM,2023-07-01,81266.93,37078.25,15572.87,21505.38
Customer Support,LATAM,2023-08-01,78631.09,36108.35,15165.51,20942.84
Customer Support,LATAM,2023-09-01,81909.61,36963.07,15524.49,21438.58
Customer Support,LATAM,2023-10-01,79457.71,38638.04,16227.98,22410.06
Customer Support,LATAM,2023-11-01,82010.29,43477.79,18260.67,25217.12
Customer Support,LATAM,2023-12-01,82744.31,44570.06,18719.43,25850.63
Customer Support,LATAM,2024-01-01,81459.51,30920.94,12986.79,17934.15
Customer Support,LATAM,2024-02-01,80980.18,30532.4,12823.61,17708.79
Customer Support,LATAM,2024-03-01,80619.73,37272.32,15654.37,21617.95
Customer Support,LATAM,2024-04-01,81475.37,39054.0,16402.68,22651.32
Customer Support,LATAM,2024-05-01,80372.78,37369.59,15695.23,21674.36
Customer Support,LATAM,2024-06-01,80652.0,36157.78,15186.27,20971.51
Customer Support,LATAM,2024-07-01,80556.2,39021.76,16389.14,22632.62
Customer Support,LATAM,2024-08-01,82952.04,38311.34,16090.76,22220.58
Customer Support,LATAM,2024-09-01,82192.17,38999.49,16379.79,22619.7
Customer Support,LATAM,2024-10-01,83235.3,38802.67,16297.12,22505.55
Customer Support,LATAM,2024-11-01,81512.17,42997.26,18058.85,24938.41
Customer Support,LATAM,2024-12-01,82951.53,50834.35,21350.43,29483.92
Customer Support,LATAM,2025-01-01,84504.25,35074.85,14731.44,20343.41
Customer Support,LATAM,2025-02-01,85521.64,34145.37,14341.05,19804.32
Customer Support,LATAM,2025-03-01,84156.51,40720.67,17102.68,23617.99
Customer Support,LATAM,2025-04-01,85235.85,38958.43,16362.54,22595.89
Customer Support,LATAM,2025-05-01,83596.58,40789.17,17131.45,23657.72
Customer Support,LATAM,2025-06-01,86458.25,39360.15,16531.26,22828.89
Customer Support,LATAM,2025-07-01,86645.79,42200.1,17724.04,24476.06
Customer Support,LATAM,2025-08-01,85030.26,43486.22,18264.21,25222.01
Customer Support,LATAM,2025-09-01,83857.19,41742.05,17531.66,24210.39
Customer Support,LATAM,2025-10-01,84242.69,40716.21,17100.81,23615.4
Customer Support,LATAM,2025-11-01,87446.78,50533.04,21223.88,29309.16
Customer Support,LATAM,2025-12-01,84304.15,50078.21,21032.85,29045.36
Customer Support,NA-EAST,2023-01-01,66118.82,35514.42,14916.06,20598.36
Customer Support,NA-EAST,2023-02-01,66874.38,35395.83,14866.25,20529.58
Customer Support,NA-EAST,2023-03-01,68311.35,40268.3,16912.68,23355.62
Customer Support,NA-EAST,2023-04-01,67114.02,42261.23,17749.71,24511.52
Customer Support,NA-EAST,2023-05-01,67960.39,40613.04,17057.48,23555.56
Customer Support,NA-EAST,2023-06-01,66780.6,39942.79,16775.97,23166.82
Customer Support,NA-EAST,2023-07-01,68041.74,40876.25,17168.02,23708.23
Customer Support,NA-EAST,2023-08-01,68337.83,40161.42,16867.8,23293.62
Customer Support,NA-EAST,2023-09-01,68341.27,41681.13,17506.07,24175.06
Customer Support,NA-EAST,2023-10-01,69247.52,40480.56,17001.83,23478.73
Customer Support,NA-EAST,2023-11-01,69634.37,53363.14,22412.52,30950.62
Customer Support,NA-EAST,2023-12-01,67888.55,53295.33,22384.04,30911.29
Customer Support,NA-EAST,2024-01-01,70824.6,38824.22,16306.17,22518.05
Customer Support,NA-EAST,2024-02-01,70982.97,37705.3,15836.22,21869.08
Customer Support,NA-EAST,2024-03-01,70784.94,45214.66,18990.16,26224.5
Customer Support,NA-EAST,2024-04-01,74456.9,45592.45,19148.83,26443.62
Customer Support,NA-EAST,2024-05-01,86308.83,42904.03,18019.69,24884.34
Customer Support,NA-EAST,2024-06-01,97680.44,45510.56,19114.43,26396.13
Customer Support,NA-EAST,2024-07-01,106887.85,44167.96,19875.58,24292.38
Customer Support,NA-EAST,2024-08-01,118998.54,43732.4,20991.55,22740.85
Customer Support,NA-EAST,2024-09-01,133968.97,40581.63,20696.63,19885.0
Customer Support,NA-EAST,2024-10-01,144420.09,41499.88,22409.94,19089.94
Customer Support,NA-EAST,2024-11-01,161163.34,51353.7,29271.61,22082.09
Customer Support,NA-EAST,2024-12-01,161094.25,54297.97,32578.78,21719.19
Customer Support,NA-EAST,2025-01-01,160035.85,36647.58,23087.97,13559.61
Customer Support,NA-EAST,2025-02-01,158601.85,37348.75,24650.17,12698.58
Customer Support,NA-EAST,2025-03-01,161175.62,47334.96,32187.78,15147.18
Customer Support,NA-EAST,2025-04-01,159991.07,44217.92,30068.18,14149.74
Customer Support,NA-EAST,2025-05-01,162617.97,43836.67,29808.93,14027.74
Customer Support,NA-EAST,2025-06-01,163648.78,44050.84,29954.57,14096.27
Customer Support,NA-EAST,2025-07-01,161462.02,44586.39,30318.75,14267.64
Customer Support,NA-EAST,2025-08-01,165688.43,45819.13,31157.01,14662.12
Customer Support,NA-EAST,2025-09-01,167097.26,46958.02,31931.45,15026.57
Customer Support,NA-EAST,2025-10-01,161491.13,39943.32,27161.46,12781.86
Customer Support,NA-EAST,2025-11-01,165968.08,58244.55,39606.29,18638.26
Customer Support,NA-EAST,2025-12-01,163710.17,59378.43,40377.34,19001.09
Customer Support,NA-WEST,2023-01-01,72728.35,35421.68,14877.11,20544.57
Customer Support,NA-WEST,2023-02-01,74209.36,32302.32,13566.97,18735.35
Customer Support,NA-WEST,2023-03-01,73633.75,40536.02,17025.13,23510.89
Customer Support,NA-WEST,2023-04-01,72115.82,38116.51,16008.93,22107.58
Customer Support,NA-WEST,2023-05-01,75155.09,41616.48,17478.92,24137.56
Customer Support,NA-WEST,2023-06-01,74808.77,41579.06,17463.21,24115.85
Customer Support,NA-WEST,2023-07-01,73612.91,41482.35,17422.59,24059.76
Customer Support,NA-WEST,2023-08-01,73690.78,39465.9,16575.68,22890.22
Customer Support,NA-WEST,2023-09-01,72838.79,41680.85,17505.96,24174.89
Customer Support,NA-WEST,2023-10-01,74233.58,41906.58,17600.76,24305.82
Customer Support,NA-WEST,2023-11-01,75752.77,50930.43,21390.78,29539.65
Customer Support,NA-WEST,2023-12-01,76286.89,52485.79,22044.03,30441.76
Customer Support,NA-WEST,2024-01-01,73571.93,36182.55,15196.67,20985.88
Customer Support,NA-WEST,2024-02-01,74097.68,35069.18,14729.06,20340.12
Customer Support,NA-WEST,2024-03-01,73995.28,41387.24,17382.64,24004.6
Customer Support,NA-WEST,2024-04-01,77135.86,45879.1,19269.22,26609.88
Customer Support,NA-WEST,2024-05-01,77060.9,43654.13,18334.73,25319.4
Customer Support,NA-WEST,2024-06-01,78056.15,44769.8,18803.32,25966.48
Customer Support,NA-WEST,2024-07-01,74774.39,42318.18,17773.64,24544.54
Customer Support,NA-WEST,2024-08-01,77668.97,46827.2,19667.42,27159.78
Customer Support,NA-WEST,2024-09-01,76324.18,43860.61,18421.46,25439.15
Customer Support,NA-WEST,2024-10-01,77213.22,43080.86,18093.96,24986.9
Customer Support,NA-WEST,2024-11-01,78818.4,52588.49,22087.17,30501.32
Customer Support,NA-WEST,2024-12-01,75833.08,52509.02,22053.79,30455.23
Customer Support,NA-WEST,2025-01-01,79101.0,39401.67,16548.7,22852.97
Customer Support,NA-WEST,2025-02-01,76414.09,41553.66,17452.54,24101.12
Customer Support,NA-WEST,2025-03-01,76623.48,51629.21,21684.27,29944.94
Customer Support,NA-WEST,2025-04-01,76386.18,44378.79,18639.09,25739.7
Customer Support,NA-WEST,2025-05-01,78877.43,45585.23,19145.8,26439.43
Customer Support,NA-WEST,2025-06-01,76781.76,43469.76,18257.3,25212.46
Customer Support,NA-WEST,2025-07-01,78782.6,46780.93,19647.99,27132.94
Customer Support,NA-WEST,2025-08-01,77820.63,44263.83,18590.81,25673.02
Customer Support,NA-WEST,2025-09-01,78272.22,44790.85,18812.16,25978.69
Customer Support,NA-WEST,2025-10-01,78110.22,50180.79,21075.93,29104.86
Customer Support,NA-WEST,2025-11-01,80465.47,56890.64,23894.07,32996.57
Customer Support,NA-WEST,2025-12-01,79241.32,59479.31,24981.31,34498.0
Engineering,APAC-SE,2023-01-01,136246.88,28950.8,12159.33,16791.47
Engineering,APAC-SE,2023-02-01,135886.83,30603.18,12853.34,17749.84
Engineering,APAC-SE,2023-03-01,134703.23,35965.67,15105.58,20860.09
Engineering,APAC-SE,2023-04-01,134020.57,34593.41,14529.23,20064.18
Engineering,APAC-SE,2023-05-01,134163.28,35728.76,15006.08,20722.68
Engineering,APAC-SE,2023-06-01,135875.02,35336.22,14841.21,20495.01
Engineering,APAC-SE,2023-07-01,134634.94,34793.08,14613.09,20179.99
Engineering,APAC-SE,2023-08-01,139917.97,37214.46,15630.07,21584.39
Engineering,APAC-SE,2023-09-01,136811.36,37230.4,15636.77,21593.63
Engineering,APAC-SE,2023-10-01,138602.92,38840.99,16313.21,22527.78
Engineering,APAC-SE,2023-11-01,136065.63,46376.22,19478.01,26898.21
Engineering,APAC-SE,2023-12-01,140829.26,42164.73,17709.19,24455.54
Engineering,APAC-SE,2024-01-01,139852.52,31970.78,13427.73,18543.05
Engineering,APAC-SE,2024-02-01,138307.74,31645.95,13291.3,18354.65
Engineering,APAC-SE,2024-03-01,137673.99,37435.86,15723.06,21712.8
Engineering,APAC-SE,2024-04-01,139832.13,38077.0,15992.34,22084.66
Engineering,APAC-SE,2024-05-01,137806.79,38850.97,16317.41,22533.56
Engineering,APAC-SE,2024-06-01,139909.39,37250.58,15645.25,21605.33
Engineering,APAC-SE,2024-07-01,141797.21,39041.11,16397.27,22643.84
Engineering,APAC-SE,2024-08-01,140864.47,38106.62,16004.78,22101.84
Engineering,APAC-SE,2024-09-01,139554.95,39023.26,16389.77,22633.49
Engineering,APAC-SE,2024-10-01,139481.37,37962.68,15944.32,22018.36
Engineering,APAC-SE,2024-11-01,145132.13,45547.72,19130.04,26417.68
Engineering,APAC-SE,2024-12-01,144914.37,44019.01,18487.98,25531.03
Engineering,APAC-SE,2025-01-01,141350.64,33217.17,13951.21,19265.96
Engineering,APAC-SE,2025-02-01,142529.77,33938.25,14254.06,19684.19
Engineering,APAC-SE,2025-03-01,143992.89,41530.97,17443.01,24087.96
Engineering,APAC-SE,2025-04-01,141158.66,39428.77,16560.08,22868.69
Engineering,APAC-SE,2025-05-01,142354.51,42533.62,17864.12,24669.5
Engineering,APAC-SE,2025-06-01,144602.7,40871.56,17166.05,23705.51
Engineering,APAC-SE,2025-07-01,146712.32,41845.01,17574.91,24270.1
Engineering,APAC-SE,2025-08-01,146376.46,39859.57,16741.02,23118.55
Engineering,APAC-SE,2025-09-01,144313.39,42888.48,18013.16,24875.32
Engineering,APAC-SE,2025-10-01,146246.33,45449.09,19088.62,26360.47
Engineering,APAC-SE,2025-11-01,149336.78,53721.79,22563.15,31158.64
Engineering,APAC-SE,2025-12-01,144344.7,52215.45,21930.49,30284.96
Engineering,EU-CENTRAL,2023-01-01,100180.11,38345.61,16105.16,22240.45
Engineering,EU-CENTRAL,2023-02-01,99441.74,38643.47,16230.26,22413.21
Engineering,EU-CENTRAL,2023-03-01,97025.5,45333.51,19040.07,26293.44
Engineering,EU-CENTRAL,2023-04-01,99478.54,45578.2,19142.84,26435.36
Engineering,EU-CENTRAL,2023-05-01,99132.08,43675.52,18343.72,25331.8
Engineering,EU-CENTRAL,2023-06-01,101941.35,47006.74,19742.83,27263.91
Engineering,EU-CENTRAL,2023-07-01,99459.88,50138.15,21058.02,29080.13
Engineering,EU-CENTRAL,2023-08-01,101444.52,47121.96,19791.22,27330.74
Engineering,EU-CENTRAL,2023-09-01,98009.41,48125.75,20212.81,27912.94
Engineering,EU-CENTRAL,2023-10-01,100444.08,44939.33,18874.52,26064.81
Engineering,EU-CENTRAL,2023-11-01,99628.7,52926.73,22229.23,30697.5
Engineering,EU-CENTRAL,2023-12-01,101024.22,55049.86,23120.94,31928.92
Engineering,EU-CENTRAL,2024-01-01,102113.1,40126.85,16853.28,23273.57
Engineering,EU-CENTRAL,2024-02-01,100822.18,38307.18,16089.02,22218.16
Engineering,EU-CENTRAL,2024-03-01,100223.01,50395.62,21166.16,29229.46
Engineering,EU-CENTRAL,2024-04-01,103142.45,48340.29,20302.92,28037.37
Engineering,EU-CENTRAL,2024-05-01,104486.66,47129.81,19794.52,27335.29
Engineering,EU-CENTRAL,2024-06-01,104798.18,50708.02,21297.37,29410.65
Engineering,EU-CENTRAL,2024-07-01,103026.96,47007.35,19743.09,27264.26
Engineering,EU-CENTRAL,2024-08-01,101686.79,47694.81,20031.82,27662.99
Engineering,EU-CENTRAL,2024-09-01,105040.73,51432.61,21601.7,29830.91
Engineering,EU-CENTRAL,2024-10-01,101576.53,46178.15,19394.82,26783.33
Engineering,EU-CENTRAL,2024-11-01,103709.48,60566.1,25437.76,35128.34
Engineering,EU-CENTRAL,2024-12-01,104522.94,61414.57,25794.12,35620.45
Engineering,EU-CENTRAL,2025-01-01,103500.28,45129.12,18954.23,26174.89
Engineering,EU-CENTRAL,2025-02-01,104754.49,43065.77,18087.62,24978.15
Engineering,EU-CENTRAL,2025-03-01,104435.92,52994.73,22257.79,30736.94
Engineering,EU-CENTRAL,2025-04-01,105819.75,51335.75,21561.01,29774.74
Engineering,EU-CENTRAL,2025-05-01,107650.62,50609.14,21255.84,29353.3
Engineering,EU-CENTRAL,2025-06-01,103912.24,49330.36,20718.75,28611.61
Engineering,EU-CENTRAL,2025-07-01,107780.84,49866.88,20944.09,28922.79
Engineering,EU-CENTRAL,2025-08-01,106476.9,50952.58,21400.08,29552.5
Engineering,EU-CENTRAL,2025-09-01,104404.41,51324.86,21556.44,29768.42
Engineering,EU-CENTRAL,2025-10-01,105469.97,53757.45,22578.13,31179.32
Engineering,EU-CENTRAL,2025-11-01,107955.45,62745.14,26352.96,36392.18
Engineering,EU-CENTRAL,2025-12-01,104639.84,65388.75,27463.28,37925.47
Engineering,LATAM,2023-01-01,61359.22,29610.05,12436.22,17173.83
Engineering,LATAM,2023-02-01,60537.17,28818.9,12103.94,16714.96
Engineering,LATAM,2023-03-01,60367.27,34699.29,14573.7,20125.59
Engineering,LATAM,2023-04-01,60822.89,36300.25,15246.11,21054.14
Engineering,LATAM,2023-05-01,60855.62,34112.22,14327.13,19785.09
Engineering,LATAM,2023-06-01,63337.81,36326.3,15257.05,21069.25
Engineering,LATAM,2023-07-01,61752.63,37078.25,15572.87,21505.38
Engineering,LATAM,2023-08-01,63446.33,36108.35,15165.51,20942.84
Engineering,LATAM,2023-09-01,62959.32,36963.07,15524.49,21438.58
Engineering,LATAM,2023-10-01,61476.86,38638.04,16227.98,22410.06
Engineering,LATAM,2023-11-01,61663.42,43477.79,18260.67,25217.12
Engineering,LATAM,2023-12-01,64485.57,44570.06,18719.43,25850.63
Engineering,LATAM,2024-01-01,62654.76,30920.94,12986.79,17934.15
Engineering,LATAM,2024-02-01,64440.32,30532.4,12823.61,17708.79
Engineering,LATAM,2024-03-01,62869.78,37272.32,15654.37,21617.95
Engineering,LATAM,2024-04-01,63981.13,39054.0,16402.68,22651.32
Engineering,LATAM,2024-05-01,64622.69,37369.59,15695.23,21674.36
Engineering,LATAM,2024-06-01,65234.5,36157.78,15186.27,20971.51
Engineering,LATAM,2024-07-01,63091.78,39021.76,16389.14,22632.62
Engineering,LATAM,2024-08-01,64807.94,38311.34,16090.76,22220.58
Engineering,LATAM,2024-09-01,64261.78,38999.49,16379.79,22619.7
Engineering,LATAM,2024-10-01,63400.85,38802.67,16297.12,22505.55
Engineering,LATAM,2024-11-01,65188.14,42997.26,18058.85,24938.41
Engineering,LATAM,2024-12-01,63502.3,50834.35,21350.43,29483.92
Engineering,LATAM,2025-01-01,65195.04,35074.85,14731.44,20343.41
Engineering,LATAM,2025-02-01,65260.23,34145.37,14341.05,19804.32
Engineering,LATAM,2025-03-01,65771.16,40720.67,17102.68,23617.99
Engineering,LATAM,2025-04-01,66415.48,38958.43,16362.54,22595.89
Engineering,LATAM,2025-05-01,64613.23,40789.17,17131.45,23657.72
Engineering,LATAM,2025-06-01,65320.94,39360.15,16531.26,22828.89
Engineering,LATAM,2025-07-01,66280.02,42200.1,17724.04,24476.06
Engineering,LATAM,2025-08-01,65982.1,43486.22,18264.21,25222.01
Engineering,LATAM,2025-09-01,67136.39,41742.05,17531.66,24210.39
Engineering,LATAM,2025-10-01,65677.36,40716.21,17100.81,23615.4
Engineering,LATAM,2025-11-01,66472.27,50533.04,21223.88,29309.16
Engineering,LATAM,2025-12-01,65296.51,50078.21,21032.85,29045.36
Engineering,NA-EAST,2023-01-01,85088.12,35514.42,14916.06,20598.36
Engineering,NA-EAST,2023-02-01,87150.31,35395.83,14866.25,20529.58
Engineering,NA-EAST,2023-03-01,87186.1,40268.3,16912.68,23355.62
Engineering,NA-EAST,2023-04-01,88375.47,42261.23,17749.71,24511.52
Engineering,NA-EAST,2023-05-01,86737.16,40613.04,17057.48,23555.56
Engineering,NA-EAST,2023-06-01,85160.56,39942.79,16775.97,23166.82
Engineering,NA-EAST,2023-07-01,86107.93,40876.25,17168.02,23708.23
Engineering,NA-EAST,2023-08-01,85733.07,40161.42,16867.8,23293.62
Engineering,NA-EAST,2023-09-01,88301.48,41681.13,17506.07,24175.06
Engineering,NA-EAST,2023-10-01,89693.82,40480.56,17001.83,23478.73
Engineering,NA-EAST,2023-11-01,89637.37,53363.14,22412.52,30950.62
Engineering,NA-EAST,2023-12-01,86466.37,53295.33,22384.04,30911.29
Engineering,NA-EAST,2024-01-01,89618.44,38824.22,16306.17,22518.05
Engineering,NA-EAST,2024-02-01,90810.89,37705.3,15836.22,21869.08
Engineering,NA-EAST,2024-03-01,91087.25,45214.66,18990.16,26224.5
Engineering,NA-EAST,2024-04-01,90122.29,45592.45,19148.83,26443.62
Engineering,NA-EAST,2024-05-01,90305.68,42904.03,18019.69,24884.34
Engineering,NA-EAST,2024-06-01,90716.81,45510.56,19114.43,26396.13
Engineering,NA-EAST,2024-07-01,91860.82,44167.96,18550.54,25617.42
Engineering,NA-EAST,2024-08-01,88167.95,43732.4,18367.61,25364.79
Engineering,NA-EAST,2024-09-01,90503.9,40581.63,17044.29,23537.34
Engineering,NA-EAST,2024-10-01,92624.8,41499.88,17429.95,24069.93
Engineering,NA-EAST,2024-11-01,92279.46,51353.7,21568.56,29785.14
Engineering,NA-EAST,2024-12-01,89423.27,54297.97,22805.15,31492.82
Engineering,NA-EAST,2025-01-01,92010.22,36647.58,15391.98,21255.6
Engineering,NA-EAST,2025-02-01,91336.19,37348.75,15686.47,21662.28
Engineering,NA-EAST,2025-03-01,93223.17,47334.96,19880.68,27454.28
Engineering,NA-EAST,2025-04-01,90394.7,44217.92,18571.53,25646.39
Engineering,NA-EAST,2025-05-01,92040.85,43836.67,18411.4,25425.27
Engineering,NA-EAST,2025-06-01,92830.85,44050.84,18501.35,25549.49
Engineering,NA-EAST,2025-07-01,92078.86,44586.39,18726.29,25860.1
Engineering,NA-EAST,2025-08-01,93266.89,45819.13,19244.04,26575.09
Engineering,NA-EAST,2025-09-01,93252.2,46958.02,19722.37,27235.65
Engineering,NA-EAST,2025-10-01,92379.85,39943.32,16776.19,23167.13
Engineering,NA-EAST,2025-11-01,92708.6,58244.55,24462.71,33781.84
Engineering,NA-EAST,2025-12-01,95122.37,59378.43,24938.94,34439.49
Engineering,NA-WEST,2023-01-01,160837.98,35421.68,14877.11,20544.57
Engineering,NA-WEST,2023-02-01,162663.33,32302.32,13566.97,18735.35
Engineering,NA-WEST,2023-03-01,157680.53,40536.02,17025.13,23510.89
Engineering,NA-WEST,2023-04-01,164394.03,38116.51,16008.93,22107.58
Engineering,NA-WEST,2023-05-01,160273.55,41616.48,17478.92,24137.56
Engineering,NA-WEST,2023-06-01,163523.85,41579.06,17463.21,24115.85
Engineering,NA-WEST,2023-07-01,160289.08,41482.35,17422.59,24059.76
Engineering,NA-WEST,2023-08-01,163130.36,39465.9,16575.68,22890.22
Engineering,NA-WEST,2023-09-01,165112.15,41680.85,17505.96,24174.89
Engineering,NA-WEST,2023-10-01,162745.66,41906.58,17600.76,24305.82
Engineering,NA-WEST,2023-11-01,160239.72,50930.43,21390.78,29539.65
Engineering,NA-WEST,2023-12-01,167956.74,52485.79,22044.03,30441.76
Engineering,NA-WEST,2024-01-01,167701.0,36182.55,15196.67,20985.88
Engineering,NA-WEST,2024-02-01,164708.58,35069.18,14729.06,20340.12
Engineering,NA-WEST,2024-03-01,163818.2,41387.24,17382.64,24004.6
Engineering,NA-WEST,2024-04-01,162601.11,45879.1,19269.22,26609.88
Engineering,NA-WEST,2024-05-01,164639.56,43654.13,18334.73,25319.4
Engineering,NA-WEST,2024-06-01,163453.76,44769.8,18803.32,25966.48
Engineering,NA-WEST,2024-07-01,165475.33,42318.18,17773.64,24544.54
Engineering,NA-WEST,2024-08-01,167821.67,46827.2,19667.42,27159.78
Engineering,NA-WEST,2024-09-01,170979.96,43860.61,18421.46,25439.15
Engineering,NA-WEST,2024-10-01,171315.93,43080.86,18093.96,24986.9
Engineering,NA-WEST,2024-11-01,171513.77,52588.49,22087.17,30501.32
Engineering,NA-WEST,2024-12-01,172359.53,52509.02,22053.79,30455.23
Engineering,NA-WEST,2025-01-01,171787.97,39401.67,16548.7,22852.97
Engineering,NA-WEST,2025-02-01,168330.52,41553.66,17452.54,24101.12
Engineering,NA-WEST,2025-03-01,168478.25,51629.21,21684.27,29944.94
Engineering,NA-WEST,2025-04-01,170532.54,44378.79,18639.09,25739.7
Engineering,NA-WEST,2025-05-01,168321.08,45585.23,19145.8,26439.43
Engineering,NA-WEST,2025-06-01,174009.29,43469.76,18257.3,25212.46
Engineering,NA-WEST,2025-07-01,169049.48,46780.93,19647.99,27132.94
Engineering,NA-WEST,2025-08-01,171682.77,44263.83,18590.81,25673.02
Engineering,NA-WEST,2025-09-01,173508.27,44790.85,18812.16,25978.69
Engineering,NA-WEST,2025-10-01,175228.49,50180.79,21075.93,29104.86
Engineering,NA-WEST,2025-11-01,171998.87,56890.64,23894.07,32996.57
Engineering,NA-WEST,2025-12-01,175719.83,59479.31,24981.31,34498.0
Finance,APAC-SE,2023-01-01,113851.13,14475.4,6079.67,8395.73
Finance,APAC-SE,2023-02-01,112723.87,15301.59,6426.67,8874.92
Finance,APAC-SE,2023-03-01,115807.46,17982.84,7552.79,10430.05
Finance,APAC-SE,2023-04-01,117883.95,17296.71,7264.62,10032.09
Finance,APAC-SE,2023-05-01,114266.45,17864.38,7503.04,10361.34
Finance,APAC-SE,2023-06-01,114232.69,17668.11,7420.61,10247.5
Finance,APAC-SE,2023-07-01,116336.39,17396.54,7306.55,10089.99
Finance,APAC-SE,2023-08-01,119036.23,18607.23,7815.04,10792.19
Finance,APAC-SE,2023-09-01,117235.76,18615.2,7818.38,10796.82
Finance,APAC-SE,2023-10-01,120119.46,19420.49,8156.61,11263.88
Finance,APAC-SE,2023-11-01,117505.53,23188.11,9739.01,13449.1
Finance,APAC-SE,2023-12-01,120753.98,21082.37,8854.59,12227.78
Finance,APAC-SE,2024-01-01,116516.27,15985.39,6713.86,9271.53
Finance,APAC-SE,2024-02-01,118065.55,15822.98,6645.65,9177.33
Finance,APAC-SE,2024-03-01,117806.88,18717.93,7861.53,10856.4
Finance,APAC-SE,2024-04-01,119690.11,19038.5,7996.17,11042.33
Finance,APAC-SE,2024-05-01,120292.67,19425.48,8158.7,11266.78
Finance,APAC-SE,2024-06-01,122233.84,18625.29,7822.62,10802.67
Finance,APAC-SE,2024-07-01,119871.4,19520.56,8198.63,11321.93
Finance,APAC-SE,2024-08-01,122168.94,19053.31,8002.39,11050.92
Finance,APAC-SE,2024-09-01,121841.95,19511.63,8194.89,11316.74
Finance,APAC-SE,2024-10-01,122473.21,18981.34,7972.16,11009.18
Finance,APAC-SE,2024-11-01,121537.25,22773.86,9565.02,13208.84
Finance,APAC-SE,2024-12-01,124297.08,22009.5,9243.99,12765.51
Finance,APAC-SE,2025-01-01,121708.28,16608.58,6975.6,9632.98
Finance,APAC-SE,2025-02-01,122416.94,16969.12,7127.03,9842.09
Finance,APAC-SE,2025-03-01,121791.89,20765.48,8721.5,12043.98
Finance,APAC-SE,2025-04-01,125698.07,19714.38,8280.04,11434.34
Finance,APAC-SE,2025-05-01,125041.86,21266.81,8932.06,12334.75
Finance,APAC-SE,2025-06-01,125934.54,20435.78,8583.03,11852.75
Finance,APAC-SE,2025-07-01,125317.98,20922.51,8787.45,12135.06
Finance,APAC-SE,2025-08-01,121926.76,19929.78,8370.51,11559.27
Finance,APAC-SE,2025-09-01,124482.18,21444.24,9006.58,12437.66
Finance,APAC-SE,2025-10-01,123035.75,22724.55,9544.31,13180.24
Finance,APAC-SE,2025-11-01,125569.53,26860.89,11281.57,15579.32
Finance,APAC-SE,2025-12-01,122966.76,26107.73,10965.25,15142.48
Finance,EU-CENTRAL,2023-01-01,127460.99,19172.8,8052.58,11120.22
Finance,EU-CENTRAL,2023-02-01,127425.41,19321.73,8115.13,11206.6
Finance,EU-CENTRAL,2023-03-01,122652.54,22666.75,9520.04,13146.71
Finance,EU-CENTRAL,2023-04-01,122948.27,22789.1,9571.42,13217.68
Finance,EU-CENTRAL,2023-05-01,128572.98,21837.76,9171.86,12665.9
Finance,EU-CENTRAL,2023-06-01,123917.13,23503.37,9871.42,13631.95
Finance,EU-CENTRAL,2023-07-01,124656.5,25069.08,10529.01,14540.07
Finance,EU-CENTRAL,2023-08-01,124780.44,23560.98,9895.61,13665.37
Finance,EU-CENTRAL,2023-09-01,125559.48,24062.88,10106.41,13956.47
Finance,EU-CENTRAL,2023-10-01,126081.42,22469.66,9437.26,13032.4
Finance,EU-CENTRAL,2023-11-01,126172.14,26463.37,11114.61,15348.76
Finance,EU-CENTRAL,2023-12-01,125115.26,27524.93,11560.47,15964.46
Finance,EU-CENTRAL,2024-01-01,126911.55,20063.43,8426.64,11636.79
Finance,EU-CENTRAL,2024-02-01,126863.37,19153.59,8044.51,11109.08
Finance,EU-CENTRAL,2024-03-01,126312.73,25197.81,10583.08,14614.73
Finance,EU-CENTRAL,2024-04-01,126303.93,24170.14,10151.46,14018.68
Finance,EU-CENTRAL,2024-05-01,130059.47,23564.9,9897.26,13667.64
Finance,EU-CENTRAL,2024-06-01,131871.96,25354.01,10648.68,14705.33
Finance,EU-CENTRAL,2024-07-01,131804.73,23503.67,9871.54,13632.13
Finance,EU-CENTRAL,2024-08-01,129689.22,23847.4,10015.91,13831.49
Finance,EU-CENTRAL,2024-09-01,131232.57,25716.31,10800.85,14915.46
Finance,EU-CENTRAL,2024-10-01,132997.12,23089.07,9697.41,13391.66
Finance,EU-CENTRAL,2024-11-01,131488.35,30283.05,12718.88,17564.17
Finance,EU-CENTRAL,2024-12-01,130813.93,30707.28,12897.06,17810.22
Finance,EU-CENTRAL,2025-01-01,134292.3,22564.56,9477.11,13087.45
Finance,EU-CENTRAL,2025-02-01,134224.65,21532.88,9043.81,12489.07
Finance,EU-CENTRAL,2025-03-01,133910.45,26497.37,11128.89,15368.48
Finance,EU-CENTRAL,2025-04-01,132993.22,25667.87,10780.51,14887.36
Finance,EU-CENTRAL,2025-05-01,131372.02,25304.57,10627.92,14676.65
Finance,EU-CENTRAL,2025-06-01,132162.32,24665.18,10359.38,14305.8
Finance,EU-CENTRAL,2025-07-01,133089.26,24933.44,10472.04,14461.4
Finance,EU-CENTRAL,2025-08-01,137105.6,25476.29,10700.04,14776.25
Finance,EU-CENTRAL,2025-09-01,137267.95,25662.43,10778.22,14884.21
Finance,EU-CENTRAL,2025-10-01,134955.09,26878.73,11289.06,15589.67
Finance,EU-CENTRAL,2025-11-01,134036.61,31372.57,13176.48,18196.09
Finance,EU-CENTRAL,2025-12-01,136458.66,32694.38,13731.64,18962.74
Finance,LATAM,2023-01-01,96786.04,14805.03,6218.11,8586.92
Finance,LATAM,2023-02-01,98028.55,14409.45,6051.97,8357.48
Finance,LATAM,2023-03-01,96494.98,17349.65,7286.85,10062.8
Finance,LATAM,2023-04-01,96603.63,18150.13,7623.05,10527.08
Finance,LATAM,2023-05-01,99062.43,17056.11,7163.57,9892.54
Finance,LATAM,2023-06-01,95286.21,18163.15,7628.52,10534.63
Finance,LATAM,2023-07-01,98325.38,18539.13,7786.43,10752.7
Finance,LATAM,2023-08-01,98023.56,18054.18,7582.75,10471.43
Finance,LATAM,2023-09-01,97389.42,18481.53,7762.24,10719.29
Finance,LATAM,2023-10-01,98195.29,19319.02,8113.99,11205.03
Finance,LATAM,2023-11-01,99333.42,21738.9,9130.34,12608.56
Finance,LATAM,2023-12-01,96624.98,22285.03,9359.71,12925.32
Finance,LATAM,2024-01-01,99512.38,15460.47,6493.4,8967.07
Finance,LATAM,2024-02-01,99968.65,15266.2,6411.8,8854.4
Finance,LATAM,2024-03-01,98818.59,18636.16,7827.19,10808.97
Finance,LATAM,2024-04-01,99926.41,19527.0,8201.34,11325.66
Finance,LATAM,2024-05-01,102031.9,18684.8,7847.61,10837.19
Finance,LATAM,2024-06-01,99472.42,18078.89,7593.13,10485.76
Finance,LATAM,2024-07-01,99261.04,19510.88,8194.57,11316.31
Finance,LATAM,2024-08-01,99040.0,19155.67,8045.38,11110.29
Finance,LATAM,2024-09-01,98882.75,19499.75,8189.89,11309.86
Finance,LATAM,2024-10-01,100407.21,19401.34,8148.56,11252.78
Finance,LATAM,2024-11-01,100994.16,21498.63,9029.42,12469.21
Finance,LATAM,2024-12-01,102985.02,25417.18,10675.21,14741.97
Finance,LATAM,2025-01-01,101474.33,17537.43,7365.72,10171.71
Finance,LATAM,2025-02-01,101906.03,17072.68,7170.53,9902.15
Finance,LATAM,2025-03-01,103987.82,20360.33,8551.34,11808.99
Finance,LATAM,2025-04-01,101330.62,19479.22,8181.27,11297.95
Finance,LATAM,2025-05-01,102962.24,20394.59,8565.73,11828.86
Finance,LATAM,2025-06-01,100467.37,19680.08,8265.63,11414.45
Finance,LATAM,2025-07-01,102709.57,21100.05,8862.02,12238.03
Finance,LATAM,2025-08-01,102257.79,21743.11,9132.11,12611.0
Finance,LATAM,2025-09-01,102829.08,20871.03,8765.83,12105.2
Finance,LATAM,2025-10-01,102456.85,20358.1,8550.4,11807.7
Finance,LATAM,2025-11-01,102262.36,25266.52,10611.94,14654.58
Finance,LATAM,2025-12-01,105790.16,25039.1,10516.42,14522.68
Finance,NA-EAST,2023-01-01,113396.95,17757.21,7458.03,10299.18
Finance,NA-EAST,2023-02-01,116572.39,17697.91,7433.12,10264.79
Finance,NA-EAST,2023-03-01,117555.81,20134.15,8456.34,11677.81
Finance,NA-EAST,2023-04-01,114832.67,21130.61,8874.86,12255.75
Finance,NA-EAST,2023-05-01,116873.54,20306.52,8528.74,11777.78
Finance,NA-EAST,2023-06-01,117487.26,19971.39,8387.99,11583.4
Finance,NA-EAST,2023-07-01,115212.64,20438.12,8584.01,11854.11
Finance,NA-EAST,2023-08-01,115514.64,20080.71,8433.9,11646.81
Finance,NA-EAST,2023-09-01,118100.26,20840.56,8753.04,12087.52
Finance,NA-EAST,2023-10-01,117749.26,20240.28,8500.92,11739.36
Finance,NA-EAST,2023-11-01,116354.74,26681.57,11206.26,15475.31
Finance,NA-EAST,2023-12-01,116205.36,26647.66,11192.02,15455.64
Finance,NA-EAST,2024-01-01,119707.01,19412.11,8153.09,11259.02
Finance,NA-EAST,2024-02-01,120480.62,18852.65,7918.11,10934.54
Finance,NA-EAST,2024-03-01,117305.16,22607.33,9495.08,13112.25
Finance,NA-EAST,2024-04-01,116994.67,22796.22,9574.41,13221.81
Finance,NA-EAST,2024-05-01,117676.06,21452.01,9009.85,12442.16
Finance,NA-EAST,2024-06-01,120457.68,22755.28,9557.22,13198.06
Finance,NA-EAST,2024-07-01,119877.18,22083.98,9275.27,12808.71
Finance,NA-EAST,2024-08-01,119614.21,21866.2,9183.8,12682.4
Finance,NA-EAST,2024-09-01,119076.51,20290.82,8522.14,11768.68
Finance,NA-EAST,2024-10-01,123826.8,20749.94,8714.98,12034.96
Finance,NA-EAST,2024-11-01,120213.41,25676.85,10784.28,14892.57
Finance,NA-EAST,2024-12-01,123297.45,27148.99,11402.57,15746.42
Finance,NA-EAST,2025-01-01,119228.96,18323.79,7695.99,10627.8
Finance,NA-EAST,2025-02-01,121316.03,18674.37,7843.24,10831.13
Finance,NA-EAST,2025-03-01,125406.77,23667.48,9940.34,13727.14
Finance,NA-EAST,2025-04-01,122276.41,22108.96,9285.76,12823.2
Finance,NA-EAST,2025-05-01,121678.25,21918.33,9205.7,12712.63
Finance,NA-EAST,2025-06-01,121421.74,22025.42,9250.68,12774.74
Finance,NA-EAST,2025-07-01,124712.39,22293.2,9363.14,12930.06
Finance,NA-EAST,2025-08-01,126858.18,22909.57,9622.02,13287.55
Finance,NA-EAST,2025-09-01,124389.9,23479.01,9861.18,13617.83
Finance,NA-EAST,2025-10-01,123444.46,19971.66,8388.1,11583.56
Finance,NA-EAST,2025-11-01,123215.19,29122.27,12231.35,16890.92
Finance,NA-EAST,2025-12-01,122561.09,29689.22,12469.47,17219.75
Finance,NA-WEST,2023-01-01,87005.31,17710.84,7438.55,10272.29
Finance,NA-WEST,2023-02-01,86845.72,16151.16,6783.49,9367.67
Finance,NA-WEST,2023-03-01,88262.41,20268.01,8512.57,11755.44
Finance,NA-WEST,2023-04-01,88444.65,19058.25,8004.47,11053.78
Finance,NA-WEST,2023-05-01,88552.09,20808.24,8739.46,12068.78
Finance,NA-WEST,2023-06-01,88789.97,20789.53,8731.6,12057.93
Finance,NA-WEST,2023-07-01,87555.69,20741.17,8711.29,12029.88
Finance,NA-WEST,2023-08-01,89419.02,19732.95,8287.84,11445.11
Finance,NA-WEST,2023-09-01,87585.47,20840.43,8752.98,12087.45
Finance,NA-WEST,2023-10-01,89170.56,20953.29,8800.38,12152.91
Finance,NA-WEST,2023-11-01,87943.96,25465.22,10695.39,14769.83
Finance,NA-WEST,2023-12-01,86525.94,26242.89,11022.01,15220.88
Finance,NA-WEST,2024-01-01,89070.88,18091.27,7598.33,10492.94
Finance,NA-WEST,2024-02-01,87364.33,17534.59,7364.53,10170.06
Finance,NA-WEST,2024-03-01,89669.85,20693.62,8691.32,12002.3
Finance,NA-WEST,2024-04-01,89202.15,22939.55,9634.61,13304.94
Finance,NA-WEST,2024-05-01,87796.69,21827.06,9167.37,12659.69
Finance,NA-WEST,2024-06-01,89999.45,22384.9,9401.66,12983.24
Finance,NA-WEST,2024-07-01,90069.69,21159.09,8886.82,12272.27
Finance,NA-WEST,2024-08-01,88939.79,23413.6,9833.71,13579.89
Finance,NA-WEST,2024-09-01,89322.7,21930.31,9210.73,12719.58
Finance,NA-WEST,2024-10-01,90885.97,21540.43,9046.98,12493.45
Finance,NA-WEST,2024-11-01,91718.28,26294.25,11043.58,15250.67
Finance,NA-WEST,2024-12-01,92453.74,26254.51,11026.89,15227.62
Finance,NA-WEST,2025-01-01,92211.06,19700.84,8274.35,11426.49
Finance,NA-WEST,2025-02-01,90480.44,20776.83,8726.27,12050.56
Finance,NA-WEST,2025-03-01,89980.2,25814.61,10842.13,14972.48
Finance,NA-WEST,2025-04-01,93713.55,22189.39,9319.54,12869.85
Finance,NA-WEST,2025-05-01,91214.21,22792.61,9572.9,13219.71
Finance,NA-WEST,2025-06-01,94337.74,21734.88,9128.65,12606.23
Finance,NA-WEST,2025-07-01,94851.33,23390.46,9823.99,13566.47
Finance,NA-WEST,2025-08-01,91128.33,22131.92,9295.41,12836.51
Finance,NA-WEST,2025-09-01,91391.75,22395.43,9406.08,12989.35
Finance,NA-WEST,2025-10-01,92052.8,25090.4,10537.97,14552.43
Finance,NA-WEST,2025-11-01,95532.39,28445.32,11947.03,16498.29
Finance,NA-WEST,2025-12-01,91954.87,29739.65,12490.66,17248.99
Marketing,APAC-SE,2023-01-01,94479.31,43426.19,18239.0,25187.19
Marketing,APAC-SE,2023-02-01,92378.22,45904.77,19280.0,26624.77
Marketing,APAC-SE,2023-03-01,96221.83,53948.51,22658.37,31290.14
Marketing,APAC-SE,2023-04-01,96002.67,51890.12,21793.85,30096.27
Marketing,APAC-SE,2023-05-01,94629.44,53593.14,22509.12,31084.02
Marketing,APAC-SE,2023-06-01,93388.12,53004.32,22261.82,30742.5
Marketing,APAC-SE,2023-07-01,93415.72,52189.62,21919.64,30269.98
Marketing,APAC-SE,2023-08-01,94205.49,55821.68,23445.11,32376.57
Marketing,APAC-SE,2023-09-01,97415.32,55845.6,23455.15,32390.45
Marketing,APAC-SE,2023-10-01,97498.24,58261.48,24469.82,33791.66
Marketing,APAC-SE,2023-11-01,94741.95,69564.33,29217.02,40347.31
Marketing,APAC-SE,2023-12-01,98578.73,63247.1,26563.78,36683.32
Marketing,APAC-SE,2024-01-01,97821.1,47956.17,20141.59,27814.58
Marketing,APAC-SE,2024-02-01,98402.32,47468.92,19936.95,27531.97
Marketing,APAC-SE,2024-03-01,98342.02,56153.79,23584.59,32569.2
Marketing,APAC-SE,2024-04-01,98692.22,57115.5,23988.51,33126.99
Marketing,APAC-SE,2024-05-01,99561.25,58276.45,24476.11,33800.34
Marketing,APAC-SE,2024-06-01,98514.72,55875.88,23467.87,32408.01
Marketing,APAC-SE,2024-07-01,96985.1,58561.67,24595.9,33965.77
Marketing,APAC-SE,2024-08-01,96416.7,57159.93,24007.17,33152.76
Marketing,APAC-SE,2024-09-01,99619.09,58534.89,24584.66,33950.23
Marketing,APAC-SE,2024-10-01,96933.87,56944.02,23916.49,33027.53
Marketing,APAC-SE,2024-11-01,99533.89,68321.58,28695.07,39626.51
Marketing,APAC-SE,2024-12-01,98815.6,66028.51,27731.98,38296.53
Marketing,APAC-SE,2025-01-01,100253.37,49825.75,20926.81,28898.94
Marketing,APAC-SE,2025-02-01,98865.72,50907.37,21381.1,29526.27
Marketing,APAC-SE,2025-03-01,100395.88,62296.45,26164.51,36131.94
Marketing,APAC-SE,2025-04-01,99279.36,59143.15,24840.12,34303.03
Marketing,APAC-SE,2025-05-01,98409.31,63800.43,26796.18,37004.25
Marketing,APAC-SE,2025-06-01,101550.97,61307.34,25749.08,35558.26
Marketing,APAC-SE,2025-07-01,103084.5,62767.52,26362.36,36405.16
Marketing,APAC-SE,2025-08-01,101519.62,59789.35,25111.53,34677.82
Marketing,APAC-SE,2025-09-01,102112.92,64332.71,27019.74,37312.97
Marketing,APAC-SE,2025-10-01,102763.53,68173.64,28632.93,39540.71
Marketing,APAC-SE,2025-11-01,100855.93,80582.68,33844.72,46737.96
Marketing,APAC-SE,2025-12-01,100136.7,78323.18,32895.74,45427.44
Marketing,EU-CENTRAL,2023-01-01,68044.42,57518.41,24157.73,33360.68
Marketing,EU-CENTRAL,2023-02-01,68755.9,57965.2,24345.39,33619.81
Marketing,EU-CENTRAL,2023-03-01,68362.22,68000.26,28560.11,39440.15
Marketing,EU-CENTRAL,2023-04-01,69100.35,68367.3,28714.27,39653.03
Marketing,EU-CENTRAL,2023-05-01,69579.5,65513.28,27515.58,37997.7
Marketing,EU-CENTRAL,2023-06-01,67848.63,70510.11,29614.25,40895.86
Marketing,EU-CENTRAL,2023-07-01,70166.61,75207.23,31587.04,43620.19
Marketing,EU-CENTRAL,2023-08-01,68172.18,70682.94,29686.84,40996.1
Marketing,EU-CENTRAL,2023-09-01,70766.95,72188.62,30319.22,41869.4
Marketing,EU-CENTRAL,2023-10-01,69973.13,67408.99,28311.78,39097.21
Marketing,EU-CENTRAL,2023-11-01,70607.38,79390.1,33343.84,46046.26
Marketing,EU-CENTRAL,2023-12-01,69531.85,82574.79,34681.41,47893.38
Marketing,EU-CENTRAL,2024-01-01,69216.06,60190.28,25279.92,34910.36
Marketing,EU-CENTRAL,2024-02-01,71779.7,57460.77,24133.52,33327.25
Marketing,EU-CENTRAL,2024-03-01,71778.06,75593.43,31749.24,43844.19
Marketing,EU-CENTRAL,2024-04-01,71332.29,72510.43,30454.38,42056.05
Marketing,EU-CENTRAL,2024-05-01,72051.97,70694.71,29691.78,41002.93
Marketing,EU-CENTRAL,2024-06-01,72718.53,76062.02,31946.05,44115.97
Marketing,EU-CENTRAL,2024-07-01,70700.11,70511.02,29614.63,40896.39
Marketing,EU-CENTRAL,2024-08-01,70784.02,71542.21,30047.73,41494.48
Marketing,EU-CENTRAL,2024-09-01,70044.01,77148.92,32402.55,44746.37
Marketing,EU-CENTRAL,2024-10-01,70259.01,69267.22,29092.23,40174.99
Marketing,EU-CENTRAL,2024-11-01,71283.12,90849.15,38156.64,52692.51
Marketing,EU-CENTRAL,2024-12-01,71768.97,92121.85,38691.18,53430.67
Marketing,EU-CENTRAL,2025-01-01,71343.82,67693.68,28431.34,39262.34
Marketing,EU-CENTRAL,2025-02-01,73404.97,64598.65,27131.43,37467.22
Marketing,EU-CENTRAL,2025-03-01,73492.81,79492.1,33386.68,46105.42
Marketing,EU-CENTRAL,2025-04-01,72992.39,77003.62,32341.52,44662.1
Marketing,EU-CENTRAL,2025-05-01,74418.05,75913.7,31883.76,44029.94
Marketing,EU-CENTRAL,2025-06-01,74591.28,73995.54,31078.13,42917.41
Marketing,EU-CENTRAL,2025-07-01,75087.84,74800.32,31416.13,43384.19
Marketing,EU-CENTRAL,2025-08-01,73653.21,76428.87,32100.12,44328.75
Marketing,EU-CENTRAL,2025-09-01,73635.18,76987.3,32334.66,44652.64
Marketing,EU-CENTRAL,2025-10-01,72526.64,80636.18,33867.19,46768.99
Marketing,EU-CENTRAL,2025-11-01,73438.93,94117.71,39529.44,54588.27
Marketing,EU-CENTRAL,2025-12-01,73976.99,98083.13,41194.91,56888.22
Marketing,LATAM,2023-01-01,67899.87,44415.07,18654.33,25760.74
Marketing,LATAM,2023-02-01,70004.71,43228.36,18155.91,25072.45
Marketing,LATAM,2023-03-01,67254.11,52048.94,21860.55,30188.39
Marketing,LATAM,2023-04-01,69798.64,54450.38,22869.16,31581.22
Marketing,LATAM,2023-05-01,67585.06,51168.33,21490.7,29677.63
Marketing,LATAM,2023-06-01,67697.01,54489.45,22885.57,31603.88
Marketing,LATAM,2023-07-01,70908.24,55617.38,23359.3,32258.08
Marketing,LATAM,2023-08-01,68357.54,54162.53,22748.26,31414.27
Marketing,LATAM,2023-09-01,70755.87,55444.61,23286.73,32157.88
Marketing,LATAM,2023-10-01,69656.79,57957.06,24341.97,33615.09
Marketing,LATAM,2023-11-01,68619.64,65216.69,27391.01,37825.68
Marketing,LATAM,2023-12-01,70133.7,66855.09,28079.14,38775.95
Marketing,LATAM,2024-01-01,71670.75,46381.41,19480.19,26901.22
Marketing,LATAM,2024-02-01,69131.08,45798.61,19235.41,26563.2
Marketing,LATAM,2024-03-01,70979.13,55908.48,23481.56,32426.92
Marketing,LATAM,2024-04-01,71830.96,58581.0,24604.02,33976.98
Marketing,LATAM,2024-05-01,70371.86,56054.39,23542.84,32511.55
Marketing,LATAM,2024-06-01,72015.28,54236.67,22779.4,31457.27
Marketing,LATAM,2024-07-01,69908.97,58532.64,24583.71,33948.93
Marketing,LATAM,2024-08-01,71721.88,57467.01,24136.15,33330.86
Marketing,LATAM,2024-09-01,72282.03,58499.24,24569.68,33929.56
Marketing,LATAM,2024-10-01,71696.62,58204.0,24445.68,33758.32
Marketing,LATAM,2024-11-01,73240.81,64495.89,27088.27,37407.62
Marketing,LATAM,2024-12-01,71476.98,76251.53,32025.64,44225.89
Marketing,LATAM,2025-01-01,73053.29,52612.28,22097.16,30515.12
Marketing,LATAM,2025-02-01,72925.33,51218.05,21511.58,29706.47
Marketing,LATAM,2025-03-01,72098.0,61081.0,25654.02,35426.98
Marketing,LATAM,2025-04-01,71282.26,58437.65,24543.81,33893.84
Marketing,LATAM,2025-05-01,72100.25,61183.76,25697.18,35486.58
Marketing,LATAM,2025-06-01,72552.49,59040.23,24796.9,34243.33
Marketing,LATAM,2025-07-01,74194.24,63300.15,26586.06,36714.09
Marketing,LATAM,2025-08-01,73120.59,65229.33,27396.32,37833.01
Marketing,LATAM,2025-09-01,72329.9,62613.08,26297.49,36315.59
Marketing,LATAM,2025-10-01,75411.91,61074.31,25651.21,35423.1
Marketing,LATAM,2025-11-01,74037.19,75799.55,31835.81,43963.74
Marketing,LATAM,2025-12-01,75729.42,75117.31,31549.27,43568.04
Marketing,NA-EAST,2023-01-01,60824.75,53271.63,22374.08,30897.55
Marketing,NA-EAST,2023-02-01,60904.43,53093.74,22299.37,30794.37
Marketing,NA-EAST,2023-03-01,60693.07,60402.44,25369.03,35033.41
Marketing,NA-EAST,2023-04-01,61183.34,63391.84,26624.57,36767.27
Marketing,NA-EAST,2023-05-01,60732.54,60919.56,25586.22,35333.34
Marketing,NA-EAST,2023-06-01,59253.06,59914.18,25163.96,34750.22
Marketing,NA-EAST,2023-07-01,60058.97,61314.37,25752.03,35562.34
Marketing,NA-EAST,2023-08-01,61983.03,60242.13,25301.7,34940.43
Marketing,NA-EAST,2023-09-01,60282.39,62521.69,26259.11,36262.58
Marketing,NA-EAST,2023-10-01,60135.64,60720.84,25502.75,35218.09
Marketing,NA-EAST,2023-11-01,61720.96,80044.7,33618.78,46425.92
Marketing,NA-EAST,2023-12-01,60819.9,79942.99,33576.05,46366.94
Marketing,NA-EAST,2024-01-01,62911.65,58236.33,24459.26,33777.07
Marketing,NA-EAST,2024-02-01,62917.13,56557.94,23754.34,32803.6
Marketing,NA-EAST,2024-03-01,61982.63,67821.99,28485.24,39336.75
Marketing,NA-EAST,2024-04-01,61924.21,68388.67,28723.24,39665.43
Marketing,NA-EAST,2024-05-01,62807.8,64356.04,27029.54,37326.5
Marketing,NA-EAST,2024-06-01,63704.65,68265.83,28671.65,39594.18
Marketing,NA-EAST,2024-07-01,62050.92,66251.94,27825.81,38426.13
Marketing,NA-EAST,2024-08-01,63253.53,65598.6,27551.41,38047.19
Marketing,NA-EAST,2024-09-01,63415.56,60872.45,25566.43,35306.02
Marketing,NA-EAST,2024-10-01,63124.59,62249.83,26144.93,36104.9
Marketing,NA-EAST,2024-11-01,64118.64,77030.56,32352.83,44677.73
Marketing,NA-EAST,2024-12-01,64040.63,81446.96,34207.72,47239.24
Marketing,NA-EAST,2025-01-01,63452.62,54971.37,23087.97,31883.4
Marketing,NA-EAST,2025-02-01,62501.21,56023.12,23529.71,32493.41
Marketing,NA-EAST,2025-03-01,63519.1,71002.45,29821.03,41181.42
Marketing,NA-EAST,2025-04-01,64243.42,66326.88,27857.29,38469.59
Marketing,NA-EAST,2025-05-01,63723.12,65755.0,27617.1,38137.9
Marketing,NA-EAST,2025-06-01,63437.07,66076.26,27752.03,38324.23
Marketing,NA-EAST,2025-07-01,64761.62,66879.59,28089.43,38790.16
Marketing,NA-EAST,2025-08-01,62897.81,68728.7,28866.05,39862.65
Marketing,NA-EAST,2025-09-01,65748.21,70437.03,29583.55,40853.48
Marketing,NA-EAST,2025-10-01,63339.18,59914.98,25164.29,34750.69
Marketing,NA-EAST,2025-11-01,65237.67,87366.82,36694.06,50672.76
Marketing,NA-EAST,2025-12-01,65885.58,89067.65,37408.41,51659.24
Marketing,NA-WEST,2023-01-01,93404.71,53132.52,22315.66,30816.86
Marketing,NA-WEST,2023-02-01,95415.69,48453.47,20350.46,28103.01
Marketing,NA-WEST,2023-03-01,92886.63,60804.04,25537.7,35266.34
Marketing,NA-WEST,2023-04-01,94604.71,57174.76,24013.4,33161.36
Marketing,NA-WEST,2023-05-01,95438.59,62424.72,26218.38,36206.34
Marketing,NA-WEST,2023-06-01,93360.49,62368.59,26194.81,36173.78
Marketing,NA-WEST,2023-07-01,94762.77,62223.52,26133.88,36089.64
Marketing,NA-WEST,2023-08-01,94029.7,59198.85,24863.52,34335.33
Marketing,NA-WEST,2023-09-01,94468.38,62521.27,26258.94,36262.33
Marketing,NA-WEST,2023-10-01,97225.12,62859.87,26401.15,36458.72
Marketing,NA-WEST,2023-11-01,97712.23,76395.65,32086.17,44309.48
Marketing,NA-WEST,2023-12-01,98333.36,78728.68,33066.04,45662.64
Marketing,NA-WEST,2024-01-01,96634.07,54273.82,22795.0,31478.82
Marketing,NA-WEST,2024-02-01,98984.3,52603.77,22093.59,30510.18
Marketing,NA-WEST,2024-03-01,98921.48,62080.86,26073.96,36006.9
Marketing,NA-WEST,2024-04-01,98053.26,68818.64,28903.83,39914.81
Marketing,NA-WEST,2024-05-01,97022.24,65481.19,27502.1,37979.09
Marketing,NA-WEST,2024-06-01,97491.77,67154.7,28204.97,38949.73
Marketing,NA-WEST,2024-07-01,97506.0,63477.27,26660.45,36816.82
Marketing,NA-WEST,2024-08-01,96919.49,70240.8,29501.14,40739.66
Marketing,NA-WEST,2024-09-01,99170.25,65790.92,27632.18,38158.74
Marketing,NA-WEST,2024-10-01,97630.1,64621.3,27140.94,37480.36
Marketing,NA-WEST,2024-11-01,99787.6,78882.74,33130.75,45751.99
Marketing,NA-WEST,2024-12-01,97216.73,78763.53,33080.68,45682.85
Marketing,NA-WEST,2025-01-01,99474.52,59102.51,24823.05,34279.46
Marketing,NA-WEST,2025-02-01,99642.58,62330.49,26178.8,36151.69
Marketing,NA-WEST,2025-03-01,98162.63,77443.82,32526.4,44917.42
Marketing,NA-WEST,2025-04-01,102681.18,66568.18,27958.63,38609.55
Marketing,NA-WEST,2025-05-01,101991.47,68377.84,28718.69,39659.15
Marketing,NA-WEST,2025-06-01,101629.54,65204.63,27385.95,37818.68
Marketing,NA-WEST,2025-07-01,99847.25,70171.39,29471.98,40699.41
Marketing,NA-WEST,2025-08-01,100373.8,66395.75,27886.22,38509.53
Marketing,NA-WEST,2025-09-01,99905.78,67186.27,28218.24,38968.03
Marketing,NA-WEST,2025-10-01,102256.62,75271.19,31613.9,43657.29
Marketing,NA-WEST,2025-11-01,102400.98,85335.95,35841.1,49494.85
Marketing,NA-WEST,2025-12-01,103872.42,89218.96,37471.97,51746.99
Operations,APAC-SE,2023-01-01,47502.04,43426.19,18239.0,25187.19
Operations,APAC-SE,2023-02-01,49355.33,45904.77,19280.0,26624.77
Operations,APAC-SE,2023-03-01,47917.93,53948.51,22658.37,31290.14
Operations,APAC-SE,2023-04-01,49184.19,51890.12,21793.85,30096.27
Operations,APAC-SE,2023-05-01,48197.81,53593.14,22509.12,31084.02
Operations,APAC-SE,2023-06-01,49633.59,53004.32,22261.82,30742.5
Operations,APAC-SE,2023-07-01,49430.17,52189.62,21919.64,30269.98
Operations,APAC-SE,2023-08-01,49260.42,55821.68,23445.11,32376.57
Operations,APAC-SE,2023-09-01,48568.28,55845.6,23455.15,32390.45
Operations,APAC-SE,2023-10-01,49534.53,58261.48,24469.82,33791.66
Operations,APAC-SE,2023-11-01,48869.11,69564.33,29217.02,40347.31
Operations,APAC-SE,2023-12-01,50628.19,63247.1,26563.78,36683.32
Operations,APAC-SE,2024-01-01,50068.34,47956.17,20141.59,27814.58
Operations,APAC-SE,2024-02-01,49375.95,47468.92,19936.95,27531.97
Operations,APAC-SE,2024-03-01,49154.61,56153.79,23584.59,32569.2
Operations,APAC-SE,2024-04-01,48750.13,57115.5,23988.51,33126.99
Operations,APAC-SE,2024-05-01,48865.39,58276.45,24476.11,33800.34
Operations,APAC-SE,2024-06-01,50419.18,55875.88,23467.87,32408.01
Operations,APAC-SE,2024-07-01,49787.02,58561.67,24595.9,33965.77
Operations,APAC-SE,2024-08-01,51191.85,57159.93,24007.17,33152.76
Operations,APAC-SE,2024-09-01,51519.82,58534.89,24584.66,33950.23
Operations,APAC-SE,2024-10-01,49810.83,56944.02,23916.49,33027.53
Operations,APAC-SE,2024-11-01,50164.55,68321.58,28695.07,39626.51
Operations,APAC-SE,2024-12-01,51541.74,66028.51,27731.98,38296.53
Operations,APAC-SE,2025-01-01,51164.78,49825.75,20926.81,28898.94
Operations,APAC-SE,2025-02-01,52186.89,50907.37,21381.1,29526.27
Operations,APAC-SE,2025-03-01,51850.45,62296.45,26164.51,36131.94
Operations,APAC-SE,2025-04-01,50735.38,59143.15,24840.12,34303.03
Operations,APAC-SE,2025-05-01,51764.77,63800.43,26796.18,37004.25
Operations,APAC-SE,2025-06-01,52440.59,61307.34,25749.08,35558.26
Operations,APAC-SE,2025-07-01,52707.01,62767.52,26362.36,36405.16
Operations,APAC-SE,2025-08-01,51769.43,59789.35,25111.53,34677.82
Operations,APAC-SE,2025-09-01,51394.8,64332.71,27019.74,37312.97
Operations,APAC-SE,2025-10-01,53091.54,68173.64,28632.93,39540.71
Operations,APAC-SE,2025-11-01,52555.28,80582.68,33844.72,46737.96
Operations,APAC-SE,2025-12-01,52939.75,78323.18,32895.74,45427.44
Operations,EU-CENTRAL,2023-01-01,75439.17,57518.41,24157.73,33360.68
Operations,EU-CENTRAL,2023-02-01,77050.28,57965.2,24345.39,33619.81
Operations,EU-CENTRAL,2023-03-01,75450.6,68000.26,28560.11,39440.15
Operations,EU-CENTRAL,2023-04-01,75668.91,68367.3,28714.27,39653.03
Operations,EU-CENTRAL,2023-05-01,76773.2,65513.28,27515.58,37997.7
Operations,EU-CENTRAL,2023-06-01,76929.45,70510.11,29614.25,40895.86
Operations,EU-CENTRAL,2023-07-01,77369.45,75207.23,31587.04,43620.19
Operations,EU-CENTRAL,2023-08-01,76177.28,70682.94,29686.84,40996.1
Operations,EU-CENTRAL,2023-09-01,76526.45,72188.62,30319.22,41869.4
Operations,EU-CENTRAL,2023-10-01,75817.52,67408.99,28311.78,39097.21
Operations,EU-CENTRAL,2023-11-01,79109.5,79390.1,33343.84,46046.26
Operations,EU-CENTRAL,2023-12-01,76033.18,82574.79,34681.41,47893.38
Operations,EU-CENTRAL,2024-01-01,78278.19,60190.28,25279.92,34910.36
Operations,EU-CENTRAL,2024-02-01,76934.37,57460.77,24133.52,33327.25
Operations,EU-CENTRAL,2024-03-01,76682.82,75593.43,31749.24,43844.19
Operations,EU-CENTRAL,2024-04-01,78186.66,72510.43,30454.38,42056.05
Operations,EU-CENTRAL,2024-05-01,80005.23,70694.71,29691.78,41002.93
Operations,EU-CENTRAL,2024-06-01,77684.62,76062.02,31946.05,44115.97
Operations,EU-CENTRAL,2024-07-01,79990.1,70511.02,29614.63,40896.39
Operations,EU-CENTRAL,2024-08-01,79074.84,71542.21,30047.73,41494.48
Operations,EU-CENTRAL,2024-09-01,78529.36,77148.92,32402.55,44746.37
Operations,EU-CENTRAL,2024-10-01,80069.73,69267.22,29092.23,40174.99
Operations,EU-CENTRAL,2024-11-01,77936.28,90849.15,38156.64,52692.51
Operations,EU-CENTRAL,2024-12-01,80123.55,92121.85,38691.18,53430.67
Operations,EU-CENTRAL,2025-01-01,80155.53,67693.68,28431.34,39262.34
Operations,EU-CENTRAL,2025-02-01,78731.25,64598.65,27131.43,37467.22
Operations,EU-CENTRAL,2025-03-01,79736.46,79492.1,33386.68,46105.42
Operations,EU-CENTRAL,2025-04-01,81373.76,77003.62,32341.52,44662.1
Operations,EU-CENTRAL,2025-05-01,80086.37,75913.7,31883.76,44029.94
Operations,EU-CENTRAL,2025-06-01,80624.95,73995.54,31078.13,42917.41
Operations,EU-CENTRAL,2025-07-01,82534.7,74800.32,31416.13,43384.19
Operations,EU-CENTRAL,2025-08-01,80103.41,76428.87,32100.12,44328.75
Operations,EU-CENTRAL,2025-09-01,80187.79,76987.3,32334.66,44652.64
Operations,EU-CENTRAL,2025-10-01,83338.57,80636.18,33867.19,46768.99
Operations,EU-CENTRAL,2025-11-01,83469.54,94117.71,39529.44,54588.27
Operations,EU-CENTRAL,2025-12-01,81671.27,98083.13,41194.91,56888.22
Operations,LATAM,2023-01-01,82308.76,44415.07,18654.33,25760.74
Operations,LATAM,2023-02-01,80787.85,43228.36,18155.91,25072.45
Operations,LATAM,2023-03-01,84525.7,52048.94,21860.55,30188.39
Operations,LATAM,2023-04-01,82865.0,54450.38,22869.16,31581.22
Operations,LATAM,2023-05-01,83338.67,51168.33,21490.7,29677.63
Operations,LATAM,2023-06-01,83580.75,54489.45,22885.57,31603.88
Operations,LATAM,2023-07-01,85654.99,55617.38,23359.3,32258.08
Operations,LATAM,2023-08-01,83991.8,54162.53,22748.26,31414.27
Operations,LATAM,2023-09-01,84936.56,55444.61,23286.73,32157.88
Operations,LATAM,2023-10-01,83268.65,57957.06,24341.97,33615.09
Operations,LATAM,2023-11-01,83371.06,65216.69,27391.01,37825.68
Operations,LATAM,2023-12-01,83942.14,66855.09,28079.14,38775.95
Operations,LATAM,2024-01-01,86807.36,46381.41,19480.19,26901.22
Operations,LATAM,2024-02-01,86036.93,45798.61,19235.41,26563.2
Operations,LATAM,2024-03-01,83625.18,55908.48,23481.56,32426.92
Operations,LATAM,2024-04-01,84898.76,58581.0,24604.02,33976.98
Operations,LATAM,2024-05-01,86943.78,56054.39,23542.84,32511.55
Operations,LATAM,2024-06-01,86081.91,54236.67,22779.4,31457.27
Operations,LATAM,2024-07-01,85415.36,58532.64,24583.71,33948.93
Operations,LATAM,2024-08-01,86608.53,57467.01,24136.15,33330.86
Operations,LATAM,2024-09-01,84909.18,58499.24,24569.68,33929.56
Operations,LATAM,2024-10-01,84784.38,58204.0,24445.68,33758.32
Operations,LATAM,2024-11-01,86281.59,64495.89,27088.27,37407.62
Operations,LATAM,2024-12-01,89076.04,76251.53,32025.64,44225.89
Operations,LATAM,2025-01-01,87673.11,52612.28,22097.16,30515.12
Operations,LATAM,2025-02-01,87009.81,51218.05,21511.58,29706.47
Operations,LATAM,2025-03-01,87324.8,61081.0,25654.02,35426.98
Operations,LATAM,2025-04-01,88101.5,58437.65,24543.81,33893.84
Operations,LATAM,2025-05-01,87682.67,61183.76,25697.18,35486.58
Operations,LATAM,2025-06-01,90540.16,59040.23,24796.9,34243.33
Operations,LATAM,2025-07-01,89122.96,63300.15,26586.06,36714.09
Operations,LATAM,2025-08-01,87288.04,65229.33,27396.32,37833.01
Operations,LATAM,2025-09-01,89068.54,62613.08,26297.49,36315.59
Operations,LATAM,2025-10-01,91099.99,61074.31,25651.21,35423.1
Operations,LATAM,2025-11-01,90879.68,75799.55,31835.81,43963.74
Operations,LATAM,2025-12-01,90066.67,75117.31,31549.27,43568.04
Operations,NA-EAST,2023-01-01,40668.46,53271.63,22374.08,30897.55
Operations,NA-EAST,2023-02-01,40681.04,53093.74,22299.37,30794.37
Operations,NA-EAST,2023-03-01,41397.49,60402.44,25369.03,35033.41
Operations,NA-EAST,2023-04-01,40987.03,63391.84,26624.57,36767.27
Operations,NA-EAST,2023-05-01,42267.37,60919.56,25586.22,35333.34
Operations,NA-EAST,2023-06-01,41207.38,59914.18,25163.96,34750.22
Operations,NA-EAST,2023-07-01,42806.86,61314.37,25752.03,35562.34
Operations,NA-EAST,2023-08-01,41732.29,60242.13,25301.7,34940.43
Operations,NA-EAST,2023-09-01,41455.63,62521.69,26259.11,36262.58
Operations,NA-EAST,2023-10-01,41897.8,60720.84,25502.75,35218.09
Operations,NA-EAST,2023-11-01,43010.03,80044.7,33618.78,46425.92
Operations,NA-EAST,2023-12-01,42988.42,79942.99,33576.05,46366.94
Operations,NA-EAST,2024-01-01,42229.67,58236.33,24459.26,33777.07
Operations,NA-EAST,2024-02-01,42514.18,56557.94,23754.34,32803.6
Operations,NA-EAST,2024-03-01,42310.7,67821.99,28485.24,39336.75
Operations,NA-EAST,2024-04-01,42390.11,68388.67,28723.24,39665.43
Operations,NA-EAST,2024-05-01,43085.69,64356.04,27029.54,37326.5
Operations,NA-EAST,2024-06-01,42619.16,68265.83,28671.65,39594.18
Operations,NA-EAST,2024-07-01,42537.4,66251.94,27825.81,38426.13
Operations,NA-EAST,2024-08-01,43763.67,65598.6,27551.41,38047.19
Operations,NA-EAST,2024-09-01,43363.86,60872.45,25566.43,35306.02
Operations,NA-EAST,2024-10-01,43889.4,62249.83,26144.93,36104.9
Operations,NA-EAST,2024-11-01,43261.81,77030.56,32352.83,44677.73
Operations,NA-EAST,2024-12-01,42693.37,81446.96,34207.72,47239.24
Operations,NA-EAST,2025-01-01,44516.54,54971.37,23087.97,31883.4
Operations,NA-EAST,2025-02-01,44224.46,56023.12,23529.71,32493.41
Operations,NA-EAST,2025-03-01,43959.29,71002.45,29821.03,41181.42
Operations,NA-EAST,2025-04-01,43782.54,66326.88,27857.29,38469.59
Operations,NA-EAST,2025-05-01,44200.02,65755.0,27617.1,38137.9
Operations,NA-EAST,2025-06-01,44620.01,66076.26,27752.03,38324.23
Operations,NA-EAST,2025-07-01,44569.79,66879.59,28089.43,38790.16
Operations,NA-EAST,2025-08-01,43622.07,68728.7,28866.05,39862.65
Operations,NA-EAST,2025-09-01,45403.95,70437.03,29583.55,40853.48
Operations,NA-EAST,2025-10-01,44665.48,59914.98,25164.29,34750.69
Operations,NA-EAST,2025-11-01,44478.43,87366.82,36694.06,50672.76
Operations,NA-EAST,2025-12-01,44280.0,89067.65,37408.41,51659.24
Operations,NA-WEST,2023-01-01,62612.6,53132.52,22315.66,30816.86
Operations,NA-WEST,2023-02-01,63317.29,48453.47,20350.46,28103.01
Operations,NA-WEST,2023-03-01,62058.56,60804.04,25537.7,35266.34
Operations,NA-WEST,2023-04-01,61897.49,57174.76,24013.4,33161.36
Operations,NA-WEST,2023-05-01,61376.01,62424.72,26218.38,36206.34
Operations,NA-WEST,2023-06-01,63230.29,62368.59,26194.81,36173.78
Operations,NA-WEST,2023-07-01,62784.34,62223.52,26133.88,36089.64
Operations,NA-WEST,2023-08-01,61487.74,59198.85,24863.52,34335.33
Operations,NA-WEST,2023-09-01,61901.84,62521.27,26258.94,36262.33
Operations,NA-WEST,2023-10-01,63203.67,62859.87,26401.15,36458.72
Operations,NA-WEST,2023-11-01,63046.6,76395.65,32086.17,44309.48
Operations,NA-WEST,2023-12-01,63366.3,78728.68,33066.04,45662.64
Operations,NA-WEST,2024-01-01,62208.56,54273.82,22795.0,31478.82
Operations,NA-WEST,2024-02-01,64191.6,52603.77,22093.59,30510.18
Operations,NA-WEST,2024-03-01,64189.06,62080.86,26073.96,36006.9
Operations,NA-WEST,2024-04-01,63580.66,68818.64,28903.83,39914.81
Operations,NA-WEST,2024-05-01,64749.32,65481.19,27502.1,37979.09
Operations,NA-WEST,2024-06-01,63653.26,67154.7,28204.97,38949.73
Operations,NA-WEST,2024-07-01,65583.89,63477.27,26660.45,36816.82
Operations,NA-WEST,2024-08-01,64478.55,70240.8,29501.14,40739.66
Operations,NA-WEST,2024-09-01,65234.67,65790.92,27632.18,38158.74
Operations,NA-WEST,2024-10-01,64963.68,64621.3,27140.94,37480.36
Operations,NA-WEST,2024-11-01,64677.42,78882.74,33130.75,45751.99
Operations,NA-WEST,2024-12-01,66642.99,78763.53,33080.68,45682.85
Operations,NA-WEST,2025-01-01,65651.44,59102.51,24823.05,34279.46
Operations,NA-WEST,2025-02-01,65229.93,62330.49,26178.8,36151.69
Operations,NA-WEST,2025-03-01,64484.56,77443.82,32526.4,44917.42
Operations,NA-WEST,2025-04-01,65933.78,66568.18,27958.63,38609.55
Operations,NA-WEST,2025-05-01,65774.8,68377.84,28718.69,39659.15
Operations,NA-WEST,2025-06-01,66885.27,65204.63,27385.95,37818.68
Operations,NA-WEST,2025-07-01,67357.51,70171.39,29471.98,40699.41
Operations,NA-WEST,2025-08-01,67593.31,66395.75,27886.22,38509.53
Operations,NA-WEST,2025-09-01,66091.76,67186.27,28218.24,38968.03
Operations,NA-WEST,2025-10-01,66519.51,75271.19,31613.9,43657.29
Operations,NA-WEST,2025-11-01,67863.41,85335.95,35841.1,49494.85
Operations,NA-WEST,2025-12-01,66822.35,89218.96,37471.97,51746.99
Sales,APAC-SE,2023-01-01,87584.21,130278.58,54717.0,75561.58
Sales,APAC-SE,2023-02-01,88721.57,137714.31,57840.01,79874.3
Sales,APAC-SE,2023-03-01,91334.2,161845.52,67975.12,93870.4
Sales,APAC-SE,2023-04-01,91815.88,155670.36,65381.55,90288.81
Sales,APAC-SE,2023-05-01,90728.05,160779.41,67527.35,93252.06
Sales,APAC-SE,2023-06-01,92522.54,159012.97,66785.45,92227.52
Sales,APAC-SE,2023-07-01,89820.65,156568.85,65758.92,90809.93
Sales,APAC-SE,2023-08-01,92274.65,167465.05,70335.32,97129.73
Sales,APAC-SE,2023-09-01,90294.86,167536.8,70365.46,97171.34
Sales,APAC-SE,2023-10-01,91518.39,174784.44,73409.46,101374.98
Sales,APAC-SE,2023-11-01,91217.29,208693.0,87651.06,121041.94
Sales,APAC-SE,2023-12-01,92545.72,189741.29,79691.34,110049.95
Sales,APAC-SE,2024-01-01,90328.7,143868.52,60424.78,83443.74
Sales,APAC-SE,2024-02-01,91457.2,142406.77,59810.85,82595.92
Sales,APAC-SE,2024-03-01,91316.16,168461.37,70753.77,97707.6
Sales,APAC-SE,2024-04-01,92707.25,171346.51,71965.53,99380.98
Sales,APAC-SE,2024-05-01,92496.8,174829.34,73428.32,101401.02
Sales,APAC-SE,2024-06-01,91402.1,167627.63,70403.6,97224.03
Sales,APAC-SE,2024-07-01,94747.41,175685.0,73787.7,101897.3
Sales,APAC-SE,2024-08-01,94749.74,171479.79,72021.51,99458.28
Sales,APAC-SE,2024-09-01,94459.08,175604.68,73753.97,101850.71
Sales,APAC-SE,2024-10-01,93994.62,170832.05,71749.46,99082.59
Sales,APAC-SE,2024-11-01,95097.47,204964.75,86085.2,118879.55
Sales,APAC-SE,2024-12-01,92953.74,198085.54,83195.93,114889.61
Sales,APAC-SE,2025-01-01,93051.62,149477.25,62780.44,86696.81
Sales,APAC-SE,2025-02-01,95993.34,152722.12,64143.29,88578.83
Sales,APAC-SE,2025-03-01,96075.85,186889.35,78493.53,108395.82
Sales,APAC-SE,2025-04-01,97076.69,177429.45,74520.37,102909.08
Sales,APAC-SE,2025-05-01,94014.03,191401.29,80388.54,111012.75
Sales,APAC-SE,2025-06-01,93669.74,183922.02,77247.25,106674.77
Sales,APAC-SE,2025-07-01,95083.45,188302.55,79087.07,109215.48
Sales,APAC-SE,2025-08-01,96556.34,179368.06,75334.58,104033.48
Sales,APAC-SE,2025-09-01,96415.25,192998.14,81059.22,111938.92
Sales,APAC-SE,2025-10-01,95712.41,204520.92,85898.79,118622.13
Sales,APAC-SE,2025-11-01,97658.02,241748.03,101534.17,140213.86
Sales,APAC-SE,2025-12-01,94934.75,234969.54,98687.21,136282.33
Sales,EU-CENTRAL,2023-01-01,87978.08,172555.24,72473.2,100082.04
Sales,EU-CENTRAL,2023-02-01,91646.69,173895.61,73036.16,100859.45
Sales,EU-CENTRAL,2023-03-01,91638.65,204000.78,85680.33,118320.45
Sales,EU-CENTRAL,2023-04-01,89734.51,205101.9,86142.8,118959.1
Sales,EU-CENTRAL,2023-05-01,91669.19,196539.84,82546.73,113993.11
Sales,EU-CENTRAL,2023-06-01,92620.66,211530.34,88842.74,122687.6
Sales,EU-CENTRAL,2023-07-01,89166.48,225621.69,94761.11,130860.58
Sales,EU-CENTRAL,2023-08-01,90758.1,212048.83,89060.51,122988.32
Sales,EU-CENTRAL,2023-09-01,89326.91,216565.88,90957.67,125608.21
Sales,EU-CENTRAL,2023-10-01,89992.31,202226.98,84935.33,117291.65
Sales,EU-CENTRAL,2023-11-01,91543.88,238170.3,100031.53,138138.77
Sales,EU-CENTRAL,2023-12-01,93911.99,247724.38,104044.24,143680.14
Sales,EU-CENTRAL,2024-01-01,92843.66,180570.83,75839.75,104731.08
Sales,EU-CENTRAL,2024-02-01,92097.26,172382.32,72400.57,99981.75
Sales,EU-CENTRAL,2024-03-01,91355.71,226780.28,95247.72,131532.56
Sales,EU-CENTRAL,2024-04-01,94579.63,217531.3,91363.15,126168.15
Sales,EU-CENTRAL,2024-05-01,94395.21,212084.13,89075.33,123008.8
Sales,EU-CENTRAL,2024-06-01,94727.45,228186.07,95838.15,132347.92
Sales,EU-CENTRAL,2024-07-01,94693.62,211533.06,88843.89,122689.17
Sales,EU-CENTRAL,2024-08-01,92223.2,214626.64,90143.19,124483.45
Sales,EU-CENTRAL,2024-09-01,92628.46,231446.75,97207.64,134239.11
Sales,EU-CENTRAL,2024-10-01,93434.59,207801.65,87276.69,120524.96
Sales,EU-CENTRAL,2024-11-01,92726.96,272547.45,114469.93,158077.52
Sales,EU-CENTRAL,2024-12-01,93787.16,276365.54,116073.53,160292.01
Sales,EU-CENTRAL,2025-01-01,96000.64,203081.04,85294.03,117787.01
Sales,EU-CENTRAL,2025-02-01,95466.99,193795.94,81394.3,112401.64
Sales,EU-CENTRAL,2025-03-01,93732.24,238476.29,100160.04,138316.25
Sales,EU-CENTRAL,2025-04-01,96861.77,231010.87,97024.56,133986.31
Sales,EU-CENTRAL,2025-05-01,93407.78,227741.11,95651.27,132089.84
Sales,EU-CENTRAL,2025-06-01,97900.4,221986.62,93234.38,128752.24
Sales,EU-CENTRAL,2025-07-01,95984.31,224400.96,94248.4,130152.56
Sales,EU-CENTRAL,2025-08-01,95951.69,229286.61,96300.37,132986.24
Sales,EU-CENTRAL,2025-09-01,96805.89,230961.89,97003.99,133957.9
Sales,EU-CENTRAL,2025-10-01,98470.42,241908.53,101601.58,140306.95
Sales,EU-CENTRAL,2025-11-01,97674.18,282353.13,118588.31,163764.82
Sales,EU-CENTRAL,2025-12-01,95096.59,294249.38,123584.74,170664.64
Sales,LATAM,2023-01-01,97164.4,133245.23,55962.99,77282.24
Sales,LATAM,2023-02-01,97341.73,129685.07,54467.73,75217.34
Sales,LATAM,2023-03-01,99888.8,156146.81,65581.66,90565.15
Sales,LATAM,2023-04-01,97016.12,163351.13,68607.47,94743.66
Sales,LATAM,2023-05-01,96704.52,153505.0,64472.1,89032.9
Sales,LATAM,2023-06-01,97492.64,163468.34,68656.7,94811.64
Sales,LATAM,2023-07-01,99010.33,166852.13,70077.89,96774.24
Sales,LATAM,2023-08-01,100619.85,162487.59,68244.79,94242.8
Sales,LATAM,2023-09-01,97649.09,166333.82,69860.2,96473.62
Sales,LATAM,2023-10-01,101629.84,173871.18,73025.9,100845.28
Sales,LATAM,2023-11-01,100596.15,195650.07,82173.03,113477.04
Sales,LATAM,2023-12-01,100743.31,200565.28,84237.42,116327.86
Sales,LATAM,2024-01-01,100167.15,139144.22,58440.57,80703.65
Sales,LATAM,2024-02-01,102915.49,137395.82,57706.24,79689.58
Sales,LATAM,2024-03-01,101677.8,167725.43,70444.68,97280.75
Sales,LATAM,2024-04-01,101192.69,175743.0,73812.06,101930.94
Sales,LATAM,2024-05-01,99274.29,168163.16,70628.53,97534.63
Sales,LATAM,2024-06-01,100546.72,162710.0,68338.2,94371.8
Sales,LATAM,2024-07-01,102771.76,175597.93,73751.13,101846.8
Sales,LATAM,2024-08-01,101547.26,172401.04,72408.44,99992.6
Sales,LATAM,2024-09-01,101915.94,175497.71,73709.04,101788.67
Sales,LATAM,2024-10-01,103005.2,174612.02,73337.05,101274.97
Sales,LATAM,2024-11-01,105224.33,193487.67,81264.82,112222.85
Sales,LATAM,2024-12-01,101304.45,228754.59,96076.93,132677.66
Sales,LATAM,2025-01-01,103417.61,157836.83,66291.47,91545.36
Sales,LATAM,2025-02-01,105851.69,153654.16,64534.75,89119.41
Sales,LATAM,2025-03-01,105326.22,183242.99,76962.06,106280.93
Sales,LATAM,2025-04-01,106364.66,175312.95,73631.44,101681.51
Sales,LATAM,2025-05-01,105831.64,183551.27,77091.53,106459.74
Sales,LATAM,2025-06-01,103598.77,177120.69,74390.69,102730.0
Sales,LATAM,2025-07-01,104892.85,189900.45,79758.19,110142.26
Sales,LATAM,2025-08-01,106527.33,195687.99,82188.95,113499.04
Sales,LATAM,2025-09-01,105085.98,187839.24,78892.48,108946.76
Sales,LATAM,2025-10-01,104240.75,183222.95,76953.64,106269.31
Sales,LATAM,2025-11-01,105948.7,227398.66,95507.44,131891.22
Sales,LATAM,2025-12-01,105589.65,225351.95,94647.82,130704.13
Sales,NA-EAST,2023-01-01,33229.61,159814.88,67122.25,92692.63
Sales,NA-EAST,2023-02-01,32502.37,159281.21,66898.11,92383.1
Sales,NA-EAST,2023-03-01,33034.75,181207.33,76107.08,105100.25
Sales,NA-EAST,2023-04-01,32078.77,190175.52,79873.72,110301.8
Sales,NA-EAST,2023-05-01,32216.35,182758.69,76758.65,106000.04
Sales,NA-EAST,2023-06-01,33401.0,179742.55,75491.87,104250.68
Sales,NA-EAST,2023-07-01,32450.64,183943.1,77256.1,106687.0
Sales,NA-EAST,2023-08-01,32546.0,180726.39,75905.09,104821.3
Sales,NA-EAST,2023-09-01,32870.18,187565.07,78777.33,108787.74
Sales,NA-EAST,2023-10-01,32967.27,182162.52,76508.26,105654.26
Sales,NA-EAST,2023-11-01,32886.93,240134.11,100856.33,139277.78
Sales,NA-EAST,2023-12-01,33419.26,239828.96,100728.16,139100.8
Sales,NA-EAST,2024-01-01,33912.62,174708.98,73377.77,101331.21
Sales,NA-EAST,2024-02-01,33239.41,169673.83,71263.01,98410.82
Sales,NA-EAST,2024-03-01,33332.3,203465.98,85455.71,118010.27
Sales,NA-EAST,2024-04-01,33155.54,205166.02,86169.73,118996.29
Sales,NA-EAST,2024-05-01,33289.96,193068.11,81088.61,111979.5
Sales,NA-EAST,2024-06-01,33068.47,204797.5,86014.95,118782.55
Sales,NA-EAST,2024-07-01,34015.17,198755.82,83477.44,115278.38
Sales,NA-EAST,2024-08-01,34801.26,196795.81,82654.24,114141.57
Sales,NA-EAST,2024-09-01,34881.14,182617.35,76699.29,105918.06
Sales,NA-EAST,2024-10-01,34757.7,186749.48,78434.78,108314.7
Sales,NA-EAST,2024-11-01,34708.37,231091.67,97058.5,134033.17
Sales,NA-EAST,2024-12-01,34166.52,244340.87,102623.17,141717.7
Sales,NA-EAST,2025-01-01,34253.06,164914.1,69263.92,95650.18
Sales,NA-EAST,2025-02-01,34946.57,168069.35,70589.13,97480.22
Sales,NA-EAST,2025-03-01,34844.18,213007.34,89463.08,123544.26
Sales,NA-EAST,2025-04-01,35451.51,198980.63,83571.87,115408.76
Sales,NA-EAST,2025-05-01,34493.9,197264.99,82851.3,114413.69
Sales,NA-EAST,2025-06-01,34921.38,198228.78,83256.09,114972.69
Sales,NA-EAST,2025-07-01,34891.1,200638.77,84268.28,116370.49
Sales,NA-EAST,2025-08-01,34815.29,206186.1,86598.16,119587.94
Sales,NA-EAST,2025-09-01,34374.36,211311.08,88750.65,122560.43
Sales,NA-EAST,2025-10-01,35080.68,179744.93,75492.87,104252.06
Sales,NA-EAST,2025-11-01,34807.92,262100.46,110082.19,152018.27
Sales,NA-EAST,2025-12-01,34635.92,267202.95,112225.24,154977.71
Sales,NA-WEST,2023-01-01,32789.39,159397.56,66946.98,92450.58
Sales,NA-WEST,2023-02-01,32745.01,145360.42,61051.38,84309.04
Sales,NA-WEST,2023-03-01,33285.31,182412.11,76613.09,105799.02
Sales,NA-WEST,2023-04-01,32303.5,171524.29,72040.2,99484.09
Sales,NA-WEST,2023-05-01,33163.82,187274.16,78655.15,108619.01
Sales,NA-WEST,2023-06-01,32497.91,187105.78,78584.43,108521.35
Sales,NA-WEST,2023-07-01,33489.85,186670.56,78401.64,108268.92
Sales,NA-WEST,2023-08-01,32473.07,177596.55,74590.55,103006.0
Sales,NA-WEST,2023-09-01,32908.75,187563.83,78776.81,108787.02
Sales,NA-WEST,2023-10-01,32679.26,188579.61,79203.44,109376.17
Sales,NA-WEST,2023-11-01,33086.49,229186.94,96258.51,132928.43
Sales,NA-WEST,2023-12-01,32644.72,236186.03,99198.13,136987.9
Sales,NA-WEST,2024-01-01,34174.69,162821.46,68385.01,94436.45
Sales,NA-WEST,2024-02-01,33539.89,157811.32,66280.76,91530.56
Sales,NA-WEST,2024-03-01,33151.36,186242.58,78221.89,108020.69
Sales,NA-WEST,2024-04-01,33429.32,206455.93,86711.49,119744.44
Sales,NA-WEST,2024-05-01,33975.32,196443.57,82506.3,113937.27
Sales,NA-WEST,2024-06-01,34159.11,201464.1,84614.92,116849.18
Sales,NA-WEST,2024-07-01,33661.64,190431.81,79981.36,110450.45
Sales,NA-WEST,2024-08-01,34605.04,210722.41,88503.41,122219.0
Sales,NA-WEST,2024-09-01,33418.19,197372.75,82896.55,114476.2
Sales,NA-WEST,2024-10-01,34036.54,193863.89,81422.83,112441.06
Sales,NA-WEST,2024-11-01,34806.36,236648.23,99392.26,137255.97
Sales,NA-WEST,2024-12-01,34077.74,236290.59,99242.05,137048.54
Sales,NA-WEST,2025-01-01,34246.29,177307.52,74469.16,102838.36
Sales,NA-WEST,2025-02-01,35343.16,186991.46,78536.41,108455.05
Sales,NA-WEST,2025-03-01,35254.14,232331.46,97579.21,134752.25
Sales,NA-WEST,2025-04-01,35510.46,199704.53,83875.9,115828.63
Sales,NA-WEST,2025-05-01,34953.13,205133.53,86156.08,118977.45
Sales,NA-WEST,2025-06-01,35570.7,195613.9,82157.84,113456.06
Sales,NA-WEST,2025-07-01,35512.05,210514.16,88415.95,122098.21
Sales,NA-WEST,2025-08-01,34495.91,199187.26,83658.65,115528.61
Sales,NA-WEST,2025-09-01,35929.27,201558.83,84654.71,116904.12
Sales,NA-WEST,2025-10-01,34699.48,225813.56,94841.7,130971.86
Sales,NA-WEST,2025-11-01,34754.49,256007.86,107523.3,148484.56
Sales,NA-WEST,2025-12-01,36169.33,267656.9,112415.9,155241.0
